EIN,Name
134249347,SOUTH TEXAS WATER UTILITY MANAGERS ASSOCIATION
202320697,CRIGHTON WOODS HOMEOWNERS ASSOCIATION INC
202422242,ARBORETUM MARKET INVESTMENT GROUP INC
205508016,TEXAS CLEAN AIR CITIES COALITION TCACC
237158154,HOUSTON ASSOCIATION OF PROFESSIONAL LANDMEN HAPL
237174515,LITTLE RIVER ACADEMY IMPROVEMENT ASSOCIATION
237221304,WOODLAND HILLS TRAIL ASSOCIATION
237243633,SHERWOOD ELM GROVE TRAIL ASSOCIATION
237291903,LAKEWOOD FOREST FUND INC
237357269,TEXAS AIRSTREAM HARBOR INC
237417511,AMERICAN SOCIETY OF INTERIOR DESIGNERS INC TEXAS GULF COAST CHAPTER
260141140,CLEAN TECHNOLOGY AND SUSTAINABLE INDUSTRIES ORGANIZATION
260435585,BARNETT SHALE ENERGY EDUCATIONCOUNCIL
261316359,CROSS TIMBERS LANDOWNERS CONSERVANCY
264777238,WOMENS ENERGY NETWORK NORTH TEXAS
270046191,TEXAS ALLIANCE FOR RESPONSIBLE GROWTH ENVIRONMENT TRANSPORTATION TARGET
272005123,NATIONAL OCEAN POLICY COALITION
274287579,GULF COAST COMMERCIAL RE NETWORK INC
352494009,SOCIETY OF LAKE MANAGEMENT PROFESSIONALS
432080187,EAST SHORE COMMUNITY ASSOCIATION
462620036,GULF COAST COALITION OF CITIES
463376103,TEXAS CONSERVATION ASSOCIATION FOR WATER AND SOIL
463895729,TEXANS FOR CLEAN WATER INC
465448781,TEXAS SOLAR POWER ASSOCIATION
465657859,TEXAS COUNCIL OF ROYALTY OWNERS
472261024,OUR NATIONS ENERGY FUTURE COALITION INC ONE FUTURE
473663656,ENERGY POLICY NETWORK
474610390,NATURAL GAS TRAINING COUNCIL
510187748,DALLAS GARDEN CLUB OF THE DALLAS WOMANS CLUB
521812626,CASE MANAGEMENT SOCIETY OF AMERICA INC HOUSTON GULF COAST CHAPTER OF CMSA
611490192,DALLAS WOODS AND WATERS CLUB
736174958,ELISE V CANN TR
741051987,TEXAS WATER CONSERVATION ASSOCIATION
741211684,SATTERWHITE DUFFY LAKE INC
741361102,TEXAS LAND TITLE ASSOCIATION INC
741607050,TWIN MOUNTAIN MANOR INC
741611738,PONDEROSA FOREST MAINTENANCE ASSOCIATION
741648152,NORCHESTER MAINTENANCE FUND INC
741689282,CORPUS CHRISTI AREA OIL SPILL CONTROL ASSOCIATION
741708558,GREENWOOD FOREST FUND INC
741750209,WOODLAND TRAILS NORTH COMMUNITY IMPROVEMENT ASSOCIATION
741780447,CY FOREST SERVICE ASSOCIATION INC
741846582,ASSOCIATED BUILDERS AND CONTRACTORS INC TEXAS GULF COAST CHAPTER
741918040,TEXAS MINING AND RECLAMATION ASSOCIATION
741956079,ASSOCIATION OF WATER BOARD DIRECTORS INCORPORATED
742010402,CHAMPION FOREST MAINTENANCE FUND INC
742053921,TEXAS ECONMIC DEVELOPMENT COUNCIL INC
742094805,KINGS POINT TRAIL ASSOCIATION
742117354,LEXINGTON WOODS OWNERS COMMITTEE INC
742258347,ASSOCIATED BUILDERS AND CONTRACTORS INC TEXAS COASTAL BEND CHAPTER
742279212,ASSOCIATED BUILDERS AND CONTRACTORS INC TEXAS MID COAST CHAPTER
742350192,TEXAS RENEWABLE ENERGY INDUSTRIES
742350796,LAKES MASTER ASSOCIATION INC
742586243,RECYCLING COUNCIL OF TEXAS
742633614,COASTAL BEND GUIDES ASSOCIATION
742742695,TEXAS LAND DEVELOPERS ASSOCIATION INC
742886586,TEXAS HILL COUNTRY RIVER REGION INC
742891025,TEXAS CAMPAIGN FOR THE ENVIRONMENT
742990805,TEXAS PUBLIC INTEREST RESEARCH GROUP INC
743136755,CARLTON WOODS CREEKSIDE ASSOCIATION INC
746068995,TEXAS SOCIETY OF PROFESSIONAL SURVEYORS 9 GULF COAST
746069002,MESQUITE TRAIL DRIVERS ASSOCIATION
746203782,GALVESTON BAY CRUISING ASSOCIATION INC
750468867,OAK GROVE MEMORIAL GARDENS
750771007,TEXAS FORESTRY ASSOCIATION
750787690,LAKE LYDIA INC
750975500,AMERICAN ASSOC OF PROFESSIONAL LANDMEN INC
751090630,GREENWAY PARKS HOME OWNERS ASSOCIATION
751220638,ROLLING PLAINS COTTON GROWERS INC
751514511,MARIANNE SCRUGGS GARDEN CLUB
751909562,AMERICAN SOCIETY OF LANDSCAPE ARCHITECTS INC TEXAS CHAPTER
751954862,WOODS CEMETERY ASSOCIATION
752307599,TNT JUDGES STUDY CLUB
752351673,CENTER FOR LEGISLATIVE ENERGY AND ENVIRONMENTAL RESEARCH
752655909,NORTH TEXAS SECTION OF THE WATER ENVIRONMENT ASSOCIATION OF TEXAS
752711443,LAUDERDALE RIVER INC
752774331,WOODS OF SPRINGCREEK II HOMEOWNERS ASSOC
756037412,3 H LAKE INC
760046520,INTERWOOD ASSOCIATION INC
760097383,AUDUBON PARK C I A
760243519,GULF COAST COGENERATION ASSOCIATION INC
760352605,CLEAR LAKE CITY BLVD ASSOCIATION
760372678,UNDERGROUD CONSTRUCTION TECHNOLOGY ASSOCIATION INC
760388046,HARBOR PROPERTIES
760391164,LAFFITES COVE AT PIRATES BEACH NATURE SOCIETY
760440865,GULF COAST ASSOCIATION OF GEOLOGICAL SOCIETIES INC
760458344,WOMENS ENERGY NETWORK OF HOUSTON TEXAS WENH
760529161,LAKE LIVINGSTON WTR SPLY AND SWR SERV CORP
760656365,CARLTON WOODS ASSOCIATION INC
800927243,WATERFOWL PRESERVATION ALLIANCE INC
820571299,OVERTON WOODS HOMEOWNERS ASSOCIATION INC
830462989,POSSUM KINGDOM LAKE PRESERVATION ASSOCIATION
840571239,TEXAS AUTOMOTIVE DISMANTLERS AND RECYCLERS ASSOCIATION
270586701,CO2 IS GREEN INC
741711799,NOTTINGHAM FOREST CLUB OF HOUSTON INC
746069809,AUSTIN WOODS AND WATERS CLUB
746059311,SOCIETY OF INDEPENDENT PROFESSIONAL EARTH SCIENTISTS
260571108,1865 LINTON AND 1495 SPRING HARBOR INC
760495195,LINKS INC GULF COAST APOLLO CHAPTER
451273200,WASTEWATER ENVIRONMENTALISTS OF TEXAS INC
751594442,PINE TREE MANOR INC
741617540,MEDINA LAKE BETTERMENT ASSOCIATION
742276131,CASTRO GARDEN CLUB
742741170,TEXAS ON-SITE WASTEWATER ASSOCIATION INC
463567636,AUSTIN ADAM INC
271298380,COALITION FOR RESPONSIBLE REGULATION INC
270428950,COVES OF BRIGHTON BAY LLC
740676255,ASBESTOS WORKERS LOCAL 22 GENERAL 22 AWIA
742168039,TEXAS VEGETABLE ASSOCIATION
742772459,TEXAS GULF COAST SUPERINTENDENTS ASSOCIATION INC
750399805,LONG GLADE LAKE INC
10736021,FRIENDS OF BALCONES CANYONLANDS NATIONAL WILDLIFE REFUGE
20749601,TEXAS ENVIRONMENTAL JUSTICE ADVOCACY SERVICES
43695294,HOUSTON BOTANIC GARDEN
50541975,CHAMPIONS KIDS CAMP INC
61693724,U S GREEN BUILDING COUNCIL GREATER TEXAS GULF COAST CHAPTER
61730795,U S GREEN BUILDING COUNCIL NORTH TEXAS CHAPTER
113736286,NATIONAL NETWORK OF ABORTION FUNDS TEXAS EQUAL ACCESS FUND
142003280,ENVIRONMENTAL STEWARDSHIP
200325123,COASTAL BEACH AND BAY FOUNDATION
200627004,NATIONAL NETWORK OF ABORTION FUNDS BUSH RELIEF FUND
201111056,TEXAS BOTANICAL GARDENS AND NATIVE AMERICAN INTERPRETIVE CENTER INC
201402741,ALLIANCE OF COMMUNITY TRAINERS
201508875,LANDA GARDENS CONSERVANCY
201556341,WILDLIFE HABITAT FEDERATION
201896071,COASTAL PRAIRIE CHAPTR OF THE TEXAS MASTER NATURALISTS INCORPORATED
201991058,SIBLEY ENVIRONMENTAL LEARNING CENTER FOUNDATION INC
202110579,JASPER ARBORETUM AND SANDY CREEK NATURE TRAIL BOARD INCORPORATED
203398696,GROUNDWORK DALLAS
203415046,FRIENDS OF BLUE HOLE
204467651,HOMEBASE TEXAS DBA HOMEBASE
205267886,TEXAS FOUNDATION FOR INNOVATIVE COMMUNITIES
205308443,TEXAS FLOODPLAIN MANAGEMENTASSOCIATION
205675573,CYPRESS WOODS BAND BOOSTERASSOCIATION
208867074,GREENS BAYOU CORRIDOR COALITION
223872351,TWELVE HILLS NATURE CENTER INC
223880229,TEXAS ENVIRONMENTAL RESEARCH CONSORTIUM
237011870,HOUSTON AUDUBON SOCIETY
237039786,FOUNDERS GARDEN CLUB OF DALLAS
237109965,STREAMS AND VALLEYS INC
237221209,FORT WORTH BOTANICAL SOCIETY
237303703,INTERNATIONAL WATER RESOURCES ASSOCIATION INC
237375815,DALLAS ARBORETUM AND BOTANICAL
237403757,ARMAND BAYOU NATURE CENTER INC
237408422,VET TRIIP INC
237419890,MENS GARDEN CLUB OF AUSTIN INC GARDEN CLUB OF AUSTIN
251907558,GREATER EDWARDS AQUIFER ALLIANCE INC
260106908,HILL COUNTRY ALLIANCE
260440839,KEEP VICTORIA BEAUTIFUL
260573774,THROCKMORTON BEAUTIFICATIONCOMMITTEE INC
262117714,CLEANTX FOUNDATION INC
262197283,AUSTIN GREEN ART
262959996,WOODS PROJECT INC
263090197,TRAVIS HABITAT AND LAND CONSERVANCY
263299387,FORT BEND GREEN
263638933,TEXAS INSTITUTE
263749177,SAN ANTONIO BAY FOUNDATION
264419008,ECO ELP INC ECO EL PASO
270061465,INTERNATIONAL ASSOCIATION FOR SOCIETY AND NATURAL RESOURCES
270326758,DALLAS IS GARDENING INC LAKE HIGHLANDS COMMUNITY GARDEN
270505879,INTERNATIONAL MARITIME AND ENERGY CENTER OF HOUSTON
270712564,JOHN BUNKER SANDS WETLAND CENTER
270744614,PECAN STREET INC
271255467,DASH FOR THE BEADS
271310367,HEALTHCODE
273114002,H2O4TEXAS COALITION
273286641,PORT OF HOUSTON PARTNERS IN MARITIME EDUCATION INC
273340044,GREENBELT ALLIANCE OF DENTON COUNTY
273741373,WHITE ROCK LAKE CONSERVANCY INC
273768198,WOODS AND WATER KIDS ADVENTURES INC
273886247,ECOSOLUTIONS FOUNDATION INC
274272004,DEVILS RIVER CONSERVANCY
274344761,PRIMERO CONSERVATION
274374251,MAGNOLIA GARDEN CLUB
274815396,GRID EARTH PROJECT
275011623,EATON HILL NATURE CENTER AND PRESERVE
300028134,DEVILS SINKHOLE SOCIETY INC
300197688,LA FRONTERA CONSERVATION FUND
300276347,HOUSTON REGIONAL MONITORING CORPORATION
300287080,FRIENDS OF MANDELL PARK
300630886,SERVICE ORGANIZATION OF THE PINEY WOODS
311721705,ANGLICAN COMMUNION COMPASS ROSE SOCIETY INC
320004133,TECHNOLOGY HORIZONS FOUNDATION
320108650,HOUSTON AREA URBAN FORESTRY COUNCIL
320172662,FRIENDS OF THE RIVER SAN BERNARD
352300551,SAN ANTONIO ARBORIST ASSOCIATION
362797811,WOMENS COUNCIL GARDEN OF THE DALLAS ARBORETUM AND BOTANICAL SOCIETY INC
364685823,LAND CONSERVATION SOCIETY OF TEXAS INC
371524180,CLEANING FOR A REASON
371581800,GLEN ROSE BAND BOOSTER CLUB
371651856,TEXAS INSTITUTE OF SUSTAINABILITY INC
383801620,SAVE THE LAMPASAS RIVER INC
421573695,HOUSTON WILDERNESS INC
421602181,SAN ANTONIO RIVER FOUNDATION
421645381,FRONTERA LAND ALLIANCE
431987259,TEXAS WATERSHED MANAGEMENT FOUNDATION
451864591,TAKING CARE OF TEXAS
452609167,COASTAL PRAIRIE PARTNERSHIP
452669262,CITIZENS AGAINST THE LANDFILL IN HEMPSTEAD
452701367,MISSION VERDE ALLIANCE
453230780,POWER PLANTING INTERNATIONAL
453662285,SOUTH CENTRAL PARTNERSHIP FOR ENERGY EFFICIENCY AS A RESOURCE
453929881,MERCURY ONE INC
454477343,CULLINAN PARK CONSERVANCY
454908468,BISBEES FISH AND WILDLIFE CONSERVATION FUND
454914737,RETREET
455242196,WATER QUEST INC
460809569,INTERNATIONAL SOIL AND WATER ENVIRONMENTAL EDUCATION PROGRAM IN
460920592,TEXAS LITTER CONTROL
461195052,KIDS ON THE LAND INC KIDS ON THE LAND
461481647,COLORADO RIVER LAND TRUST INC
462191456,BUILDING CONSERVATION TRUST
462705100,SHOAL CREEK CONSERVANCY
463275286,VASUDHA FOUNDATION USA INC
463372095,FUND TEXAS CHOICE
463836254,KEEP YORKTOWN BEAUTIFUL
464255110,LONE STAR COASTAL ALLIANCE
464285669,BAY AREA COASTAL PROTECTION ALLIANCE
464341951,THIRSTY GROUND INTERNATIONAL
465326050,FRIENDS OF QUINTA MAZATLAN
465427185,TEXAS WATER SMART FOUNDATION
465531708,RENEWABLE ENERGY FOR BETTER LIFE FOUNDATION
465679660,BETTER PARKS FOR GALVESTON
471042976,GAIA SOUL ALLIANCE FOUNDATION
471602215,EDWARDS AQUIFER CONSERVANCY
471924312,KEEP HOWE BEAUTIFUL
471982274,TANZANIA WILDLIFE AND CONSERVATION FUND INC
473051483,ZILKER BOTANICAL GARDEN CONSERVANCY NON PROFIT CORPORATION
481284000,COASTAL PRAIRIE COALITION GRAZING LANDS CONSERVATION INITIATIVE INC
522422392,TEXAS PUBLIC INTEREST RESEARCH GROUP EDUCATION FUND INC
542143893,DENTON COUNTY MASTER GARDENER ASSOCIATATION
562375157,IMAGES FOR CONSERVATION FUND
562518503,FRIENDS OF THE BRAZOS RIVER INC
562591697,ENVIRONMENT TEXAS RESEARCH AND POLICY CENTER INC
620604364,THE AFRICAN VIOLET SOCIETY OF AMERICA INC
710920918,WATERSHED
731628865,GUADALUPE BLANCO RIVER TRUST
741145998,RIVER OAKS GARDEN CLUB
741154434,ASSOCIATION OF TEXAS SOIL CONSERVATION DISTRICTS ATSWCDS
741587880,HOUSTON ARBORETUM AND NATURE CENTER
741692204,CITIZENS ENVIRONMENTAL COALITION EDUCATIONAL FUND
741696145,ECOLOGY ACTION OF TEXAS INC
741946081,HOUSTON CLEAN CITY COMMISSION INC KEEP HOUSTON BEAUTIFUL
741962704,TEXAS SOLAR ENERGY SOCIETY INC
741983478,FRONTERA AUDUBON SOCIETY
741984482,COASTAL CONSERVATION ASSOCIATION
742055923,NATIONAL HISPANIC INSTITUTE INC
742130626,SAVE BARTON CREEK ASSOCIATION
742178792,SAN ANTONIO BOTANICAL GARDEN SOCIETY INC
742245311,WILDFLOWER DONOR INC
742250898,ALAMO HEIGHTS TERRELL HILLS GARDEN CLUB INC
742253593,CROWES NEST FARM INC
742274448,SOUTH TEXAS BOTANICAL GARDENS AND NATURE CENTER
742287354,KEEP EL PASO BEAUTIFUL
742352514,LOWER RIO GRANDE VALLEY NATURE CENTER
742387541,KEEP AUSTIN BEAUTIFUL INC
742428376,SAN MARCOS RIVER FOUNDATION INC
742441468,SUSTAINABLE FOOD CENTER INC
742466775,THE LAKE WHITNEY MINISTERIAL ALLIANCE
742487218,MCBRIDE CONSERVATION FUND FOUNDATION
742488227,VALLEY LAND FUND INC
742518996,WESTERN TRAILS GROUP ED KNAAK
742538984,RIVERSIDE NATURE CENTER ASSOCIATION
742550843,RECYCLING ALLIANCE OF TEXAS DBA STATE OF TX ALLIANCE FOR RECYLG
742562764,KEEP TEMPLE BEAUTIFUL INC
742590850,KEEP HARLINGEN BEAUTIFUL INC HARLINGEN PROUD
742594191,TEXAS GARDEN CLUBS INC RIO GRANDE CITY GARDEN CLUB
742600978,BEXAR COUNTY MASTER GARDENERS SCHULTZE HOUSE COTTAGE GDNS AND GIFTS
742601251,DAVIS MOUNTAINS TRANS PECOS HERITAGE ASSOCIATION
742607076,COLORADO RIVER WATCH FOUNDATION INC
742627643,ENVIRONMENTAL FUND FOR TEXAS EARTH SHARE OF TEXAS
742631397,FRIENDS OF THE COLORADO RIVER FOUNDATION INC
742681873,CENTRAL TEXAS RESOURCE CONSERVATION AND DEVELOPMENT COUNCIL INCORPORATED
742690667,HERB SOCIETY OF AMERICA PIONEER UNIT
742690768,KEEP MCALLEN BEAUTIFUL INC
742714186,CHAUTAUQUA FOUNDATION INC CAMP CHAUTAUQUA
742714211,TEXAS ASSOCIATION OF RESOURCE CONSERVATION AND DEVELOPMENT AREAS
742720710,CENTRO POR LA JUSTICIA
742739793,COOPERATIVE TEAMWORK AND RECYCLING ASSISTANCE
742742037,RGISC INC RIO GRANDE INTERNATIONAL STUDY CENT
742757165,TEXAS COALITION GRAZING LANDS CONSERVATION INITIATIVE INC
742768391,CLEAN AIR FORCE OF CENTRAL TEXAS
742769793,TEXAS WATER UTILITIES ASSOCIATION SOUTHEAST REGION
742866967,TEXAS WATER FOUNDATION INC
742879756,WIMBERLEY VALLEY WATERSHED ASSOC INC
742883847,A NURTURED WORLD INC
742884531,BEXAR LAND TRUST INC
742907255,HILL COUNTRY LAND TRUST INC
742924400,COMMUNITY INVESTMENT CORPORATION
742924909,COASTAL BEND BAYS AND ESTUARIES PROGRAM
742927796,FRIENDS OF ENCHANTED ROCK STATE NATURAL AREA INC
742932549,KEYSTONE HERITAGE PARK INC
742932637,BELL COUNTY MASTER GARDENERS ASSOCIATION INC
742948145,HILL COUNTRY CONSERVANCY INC
742974140,VICTORIA COUNTY MASTER GARDENER ASSOCIATION
742989863,PINES AND PRAIRIES LAND TRUST
743008249,NATIONAL NETWORK OF ABORTION FUNDS LILITH FUND INC
743016886,SPJST EDUCATION AND NATURE CENTER
743020979,METROPOLITAN PARTNERSHIP FOR ENERGY BUILD SAN ANTONIO GREEN
746049372,TEXAS GARDEN CLUBS INC 2035 BEAUMONT COUNCIL OF G C
746059676,TEXAS GARDEN CLUBS INC 2050 SAN ANTONIO GARDEN CENTER
746060646,AUSTIN AREA GARDEN CENTER INC
746062219,TEXAS RECREATION AND PARK SOCIETY
746068250,BIG BEND NATURAL HISTORY ASSOCIATION INC
746075031,BAYOU PRESERVATION ASSOCIATION INC
746077170,BAYOU BEND GARDENS ENDOWMENT
746106107,BEAUTIFY CORPUS CHRISTI ASSOCIATION
746131894,TEXAS GARDEN CLUBS INC 399 HONDO GARDEN CLUBS
747055759,KEEP TEXAS BEAUTIFUL INC
750309036,CCA TEXAS FUND GULF COAST CONSERVATION ASSOCIATION
750873312,OAK CLIFF SOCIETY OF FINE ARTS
750968821,AMARILLO BOTANICAL GARDENS
750974342,TEXAS GARDEN CLUBS INC TEXAS DISCOVERY GARDENS
751666070,KEEP LONGVIEW BEAUTIFUL INC
751707293,TEXAS GAME WARDEN ASSOCIATION INC
751761481,DALLAS ECOLOGICAL FOUNDATION
751825883,TEXAS LAND CONSERVANCY
751833438,WOODS AND WATERS FOUNDATION
751840314,FORT WORTH GARDEN CLUB INC
751853375,KEEP MIDLAND BEAUTIFUL INC
751879329,LAKE GRANBURY AREA BEAUTIFICATION COUNCIL INC
751980443,WICHITA FALLS STREAMS AND VALLEYS INC
752101234,TURTLE CREEK ASSOCIATION INC
752154523,ANGELINA BEAUTIFUL CLEAN
752215558,RIVER LEGACY FOUNDATION
752234375,KEEP ATHENS BEAUTIFUL
752243795,WOMENS COUNCIL OF THE DALLAS ARBORETUM AND BOTANICAL GARDEN
752244319,KEEP ODESSA BEAUTIFUL
752254312,KEEP MESQUITE BEAUTIFUL INC
752337868,TEXAS CONSERVATION FUND
752343282,DALLAS PALEONTOLOGICAL SOCIETY
752352954,SAN ANGELO FRIENDS OF THE ENVIRONMENT
752390840,EAST TEXAS ARBORETUM AND BOTANICAL
752400773,PINEYWOODS RESOURCE CONSERVATION AND DEVELOPMENT CORPORATION
752448845,PERMIAN BASIN MASTER GARDENERS
752450465,TEXAS ALLIANCE OF GROUNDWATER DISTRICTS
752462520,WILDCAT BLUFF NATURE CENTER INC
752488233,KEEP LEWISVILLE BEAUTIFUL
752550483,KEEP DENTON BEAUTIFUL
752573928,LEE PARK AND ARLINGTON HALL CONSERVANCY
752580047,KEEP IRVING BEAUTIFUL
752596907,RIVER BEND NATURE WORKS
752603041,PINEY WOODS REGIONAL ADVISORY COUNCIL
752645064,LONGVIEW PARKS AND LEISURE SERVICES FOUNDATION
752723299,VIRGINIA WOODS PROPERTY OWNERS ASSOCIATION INC
752788771,THE CRAPE MYRTLE TRAILS OF MCKINNEY FOUNDATION
752793697,KEEP ROWLETT BEAUTIFUL INC
752824979,EDWARDS PLATEAU PRESCRIBED BURNING ASSN
752831596,CAPROCK PARTNERS FOUNDATION
752841573,HOTZONE
752876262,THE DALLAS COUNTY AUDUBON SOCIETY INC
752943956,NATIONAL GRAZING LANDS COALITION
752955573,TRINITY RIVER COMMISSION FOUNDATION INC
753253640,OUR LANDS AND WATERS FDTN A PUBLIC PARTNERSHIP WITH THE USACE OUR LANDS AND WATERS FOUNDATION
754213005,NEW BRAUNFELS CONSERVATION SOCIETY FOUNDATION TRUST
756039955,LUBBOCK MEMORIAL ARBORETUM FOUNDATION INC
760008423,GARDEN CLUB OF HOUSTON
760031884,CRADLE OF TEXAS CONSERVANCY INC
760035175,CLEAN GALVESTON INC
760043028,TEXAS BIGHORN SOCIETY
760046318,TREES FOR HOUSTON
760105149,AIR AND WASTE MANAGEMENT ASSOCIATION GULF COAST CHAPTER GULF COAST CHAPTER
760183954,BUFFALO BAYOU PARTNERSHIP
760209022,AUDUBON DOCENT GUILD
760247588,ARMAND BAYOU NATURE CENTER FOUNDATION
760279876,GALVESTON BAY FOUNDATION
760280697,INTERNATIONAL OLEANDER SOCIETY
760327389,HERMANN PARK CONSERVANCY
760377029,KATY PRAIRIE CONSERVANCY
760392755,WASHINGTON COUNTY ADVISORY COUNCIL ON RECYCLING
760447336,TEXAS RICE INDUSTRY COALITION FOR THE ENVIRONMENT TEXAS R I C E
760474318,EMISSION REDUCTION CREDIT CORPORATION OF THE GULF COAST
760491491,THE MATAGORDA BAY FOUNDATION
760501430,URBAN HARVEST INC
760511886,SCENIC GALVESTON INCORPORATED
760546145,MATAGORDA COUNTY NATURE CENTER INC
760557498,BAYOU LAND CONSERVANCY
760579760,TEXAS GARDEN CLUBS INC 2216 PLANT AND PRAY GARDEN CLUB
760586373,FRIENDS OF THE BAYTOWN NATURE CENTER INC
760602346,HOUSTON TOMORROW
760604817,SAVE OUR BEACH ASSOCIATION
760617108,BLACKWOOD EDUCATIONAL LAND INSTITUTE BLACKWOOD LAND INSTITUTE
760617443,NORTH AMERICAN PROCESS TECHNOLOGY ALLIANCE NAPTA
760621454,FRIENDS OF THE EDDIE V GRAY WETLANDS EDUCATION CENTER INC
760663372,PRODUCED WATER SOCIETY INC
760668230,FORT BEND COUNTY MASTER GARDENERS INC
760685448,WILLOW WATERHOLE GREENSPACE CONSERVANCY INC
760695159,NEIGHBORHOOD FAMILY CLINIC INC
760697693,LANGTREE DUCK FARM ECO CENTER
800232686,GREATER CADDO LAKE ASSOCIATION OF TEXAS
800316780,WATSON RARE NATIVE PLANT PRESERVE
800385916,RECYCLED POMERANIANS AND SCHIPPERKES RESCUE
800746629,ALLIANCE FOR CONSERVATION EASEMENTS
800812900,ECORISE YOUTH INNOVATIONS
810554715,THE NELAC INSTITUTE
820377903,WESTERN REGIONAL ENVIRONMENTAL EDUCATION COUNCIL COUNCIL FOR ENVIRONMENTAL EDUCATION
841512096,GREAT PLAINS RESTORATION COUNCIL
850284313,ENVIRONMENTAL PHILOSOPHY INC
850488313,TEXAS LAND TRUST COUNCIL
870699956,TOWN LAKE TRAIL FOUNDATION
900648270,PARAPLEGICS ON INDEPENDENT NATURE TRIPS GROUP RETURN
461838071,JEFFERSON RAILWAY AND WETLANDS FOUNDATION
901021494,KEEP OLNEY BEAUTIFUL
752132135,ABILENE CLEAN AND PROUD INC
800968193,SOUTHEAST SECTION OF THE WATER ENVIRONMENT ASSOCIATION OF TEXAS
760166939,TEXAS GARDEN CLUBS INC
741936182,LAKE CONROE ASSOCIATION
760295919,TEXAS GARDEN CLUBS INC 2057 GARDENERS BY THE BAY
462465799,FREDERICKSBURG SHINES
261618125,RAINFOREST PARTNERSHIP
471415709,RECYCLED LOVE ANIMAL RESCUE RECYCLED LOVE ANIMAL RESCUE
205125287,CY WOODS ATHLETIC BOOSTER CLUB
510225607,TEXAS GARDEN CLUBS INC
371664948,C & R KUTTBOTTLE INC
760655841,MEMORIAL PARK CONSERVANCY INC
331092397,BOB JONES NATURE CENTER
742244183,NETWORK POWER TEXAS
742934364,SOLAR SAN ANTONIO
752799755,KAUFMAN COUNTY SOLID WASTE MANAGEMENT COOPERATIVE INC ENVIRONMENTAL CO OP
201847551,TRINITY BASIN CONSERVATION FOUNDATION
611559641,TEXAS LIONS EYEGLASS RECYCLING CENTER FOUNDATION
751495717,FRIENDS OF THE FORT WORTH NATURE CENTER AND REFUGE INC
300523041,AQUAPONICS AND EARTH SUSTAINABLE LIVING INC
920178978,TRINITY RIVER ACTION COALITION TRAC
742645332,VALLEY PROUD ENVIRONMENTAL COUNCIL
201976730,FORUM OF CIVICS FOUNDATION
760691097,LOWER BRAZOS RIVER CONSERVANCY
260651953,TEXAS CENTER FOR ALTERNATIVE FUELRESEARCH AND DEVELOPMENT
752824633,KEEP ALLEN BEAUTIFUL CORPORATION
742936705,TEXAS LEAGUE OF CONSERVATION VOTERS EDUCATIONAL FUND
746046937,TRAVIS AUDUBON SOCIETY INC
760630375,SOUTH LIBERTY COUNTY HAZARDOUS MATERIALS EMERGENCY RESPONSE TEAM
330967424,ASK EARTHMAN FOUNDATION
452782423,PURE ENERGY SPORTS
263060991,CITIZENS FOR AFFORDABLE ENERGY INC
760579629,SUN RISE INSTITUTE
752361817,SOLID WASTE ASSOCIATION OF NORTH AMERICA INC TEXAS LONE STAR CHAPT
261564909,CONSERVE EAST TEXAS
262563455,CLASS 4 WINDS INC
800541645,MEMORIAL PARK CONSERVANCY ENDOWMENT
742603919,COASTAL BEND BAYS FOUNDATION INC
452642769,KEEP AUBREY BEAUTIFUL
752945656,AFASIN FOUNDATION INC
200576859,BROWNSVILLE BOTANICAL GARDENS AND ARBORETUM
752808239,ANGELINA NACOGDOCHES FOREST LANDOWNERS ASSOCIATION
751057918,TEXAS GARDEN CLUBS INC
752958519,HISTORIC CAMP BOWIE INITIATIVES
742724174,TEXAS CAVE CONSERVANCY
760436267,EAST MATAGORDA BAY FOUNDATION INC
752471848,CHISHOLM TRAIL RC&D INC
262853072,CLIMBERS OF HUECO TANKS COALITION
760289492,TEXAS ASSOCIATION OF ENVIRONMENTAL PROFESSIONALS
264802013,FRIENDS FOR GOOD
742346318,KEEP SAN ANTONIO BEAUTIFUL INC
330833441,FUNDACION ECOLOGICA SELVA NEGRA
462032861,GUADALUPE RIVER ASSOCIATION INC
510204049,WESTCAVE OUTDOOR DISCOVERY CENTER
752111043,TEXAS GARDEN CLUBS INC 193 JR GROUP OF DALLAS GARDEN CLUB
760567365,PECKERWOOD GARDENS CONSERVATION FOUNDATION INC
203592808,AUSTIN CARSHARE
371602829,J C CALM FOUNDATION INCORPORATED
451534931,BARNETT SHALE WATER CONSERVATION AND MANAGEMENT COMMITTEE INC
43810989,US GREEN BUILDING COUNCIL OF CENTRAL TEXAS BALCONES CHAPTER
133608893,COALITION FOR JUSTICE IN THE MAQUILADORAS
203287015,CALM AIR VISIBILITY UNLIMITED
208448752,LA CRUZ HABITAT PROTECTION PROJECT
260042466,GARDENING VOLUNTEERS OF SOUTH TEXAS
273050761,GALVESTON ISLAND TREE CONSERVANCY
331095299,GALVESTON ISLAND NATURE TOURISM COUNCIL
411909838,RAINFOREST CAFE FRIENDS OF THE FUTURE FOUNDATION LANDRYS FOUNDATION
463283253,MITIGATION FUTURES CONSERVANCY
463306811,HOT WELLS CONSERVANCY
471772600,KEEPAMERICACLEAN
741969689,WATER ENVIRONMENT ASSOCIATION OF TEXAS
742121275,LAKE MCQUEENEY PROPERTY OWNERS ASSOCIATION INC LAKE MCQUEENEY PROPERTY OWNERS ASSO
742143423,KEEP BRAZOS BEAUTIFUL INC
742164352,KEEP WACO BEAUTIFUL INC
742536799,AUSTIN RIVER CITY REC ERS INC
742564700,FRIENDS OF CIBOLO WILDERNESS CIBOLO NATURE CENTER
742569827,TREE FOLKS INC
742687511,TEXAS ORGANIC FARMERS AND GARDENERS ASSOCIATION
742687805,TEXAS CONSERVATION SCIENCE INC
742697896,NATIVE PLANT SOCIETY OF TEXAS
752428409,LEON BOSQUE RESOURCE CONSERVATION AND DEVELOPMENT COUNCIL INC
752546504,GARDENERS IN COMMUNITY DEVELOPMENT
752618458,LITTLE FOREST HILLS NEIGHBORHOOD
752708139,FRIENDS OF THE KATY TRAIL INC
752757096,ELLIS COUNTY MASTER GARDENERS INC
756423660,BAIRD FAMILY CHARITABLE TRUST FRITZ EDWARD C CO TTEE
760461030,AIR ALLIANCE HOUSTON G H A S P
760628143,KEEP SUGAR LAND BEAUTIFUL
201991645,BEAU THERIOT COMANCHE CANYON RANCH PRESERVE INC
208043772,KYLE LAKE FOUNDATION
261378231,WARBLER WOODS BIRD SANCTUARY
271498899,MUSTARD SEED PARTNERS INC
452665652,RAO FOUNDATION
454616548,PALSANO SPRINGS FOUNDATION
455017295,WHAT A KITE FOUNDATION INC
455518326,TEXAS CLEAN ENERGY COALITION
462902511,SFCU FOUNDATION
464214658,EPICC ENVIRONMENTAL PROTECTION IN THE INTEREST OF CALDWELL COUNTY
680554522,WILLIAMSON COUNTY CONSERVATION FOUNDATION INC
710861925,ECOSUSTAIN
742955600,WOODS FOUNDATION
746388418,FORMOSA PLASTICS ENVIRONMENTAL ENDOWMENT FUND TR ACCOUNT
751365606,ARBORETUM INC
751375644,LOUISE B BELSTERLING FOUNDATION OF THE DALLAS GARDEN CLUB INC E
751712770,CHILDRESS ANGLERS AND SPORTSMANS CLUB
752212157,EVERETT E AND ORABETH K WOODS FOUNDATION
752384515,DALLAS AREA HISTORICAL ROSE SOCIETY
752901907,FORT WORTH WILDLIFE CONSERVATION FUND
760288131,MOODY GARDENS INC
900590386,UNLITTER CAMPAIGN
916310582,ARRA AND EVA WOODS CHARITABLE TRUST UA 715 992192
953310318,ROBINSON ARBORETUM FUND
541876544,SERENGETI FOUNDATION
752735104,PATON FAMILY CHARITABLE FOUNDATION
752505605,TEXAS FOREST COUNTRY PARTNERSHIP INC
202775450,LIBERTY TREE ALLIANCE INC
203007468,TEXAS BEVERAGE ASSOCIATION INC
204036082,AVALON CENTER AT GARDEN GROVE INC
205997882,PROPERTY OWNERS WHO CARE SOUTH PADRE ISLAND
208465873,BAY RIVER COLONY HOMEOWNERSASSOCIATION INC
237087285,VITIS RESEARCH AND DEVELOPMENT CORPORATION
237155715,MULCH AND SOIL COUNCIL
237630179,WOODMAN OF WORLD TEXAS CHAPTER 72 72 TX
261083914,FORT WORTH MAGNOLIA GREEN ASSOCIATION INC
352449618,TEXAS MEAD ASSOCIATION
453732100,TEXAS DESALINATION ASSOCIATION
454432454,TEXAS SALAMANDER COALITION INC
454689386,SAN ANTONIANS UNITED FOR THE PROTECTION OF HARDBERGER PARK
464275961,ACCION MARTIN HOLDINGS INC
465545136,PERMIAN BASIN CHAPTER OF THE INTL ASSOC OF DRILLING CONTRACTORS INC
611535764,AUSTIN HUMAN RESOURCE MANAGEMENT ASSOCIATION
720677751,NATIONAL ASSOCIATION OF PIPE COATING APPLICATORS
721585507,CITY PARK COMMERCIAL ASSOCIATION INC
742240340,INTERNATIONAL SOCIETY OF
742289170,ROCK CHURCH CEMETARY ASSOCIATION INC
742636247,PROJECT MANAGEMENT INSTITUTE AUSTIN CHAPTER
742878330,SOUTH CENTRAL MEMBRANE ASSOCIATION
743010608,PROJECT MANAGEMENT INSTITUTE ALAMO CHAPTER
750380978,COON CREEK CLUB
751048892,PERMIAN BASIN OIL SHOW INC
751085465,PERMIAN BASIN PETROLEUM ASSOCIATION INC
752059559,SOUTHWEST CAR WASH ASSOCIATION INC
752268589,LOCKHEED MARTIN VOUGHT HERITAGE MANAGEMENT ASSOCIATION
752606683,PERMIAN BASIN ASSOCIATION OF DIVISION ORDER ANALYSTS
752638966,DALLAS AREA INTERFAITH
756044251,FORT WORTH WILDCAT COMMITTEE
760049016,METROPOLITAN ORGANIZATION OF HOUSTON TEXAS INCORPORATED
760113738,ROLLING FORK OWNERS COMMITTEE INC
760287101,SOCIETY FOR MANAGEMENT INFORMATION SYSTEMS HOUSTON CHAPTER
760330177,LA PORTE TEXAS LOCAL EMERGENCY PLANNING COMMITTEE LEPC
760416536,COPPER LAKES HOMWOWNERS ASSOCIATION
760419545,PETROCHEMICAL FEEDSTOCK ASSOCIATION OF THE AMERICAS PFAA
752284449,PAVILION PROPERTIES
741192009,TEXAS NURSERY AND LANDSCAPE ASSOCIATION INC
746064280,ROTARY INTERNATIONAL ROTARY CLUB OF KATY
205945511,ORGANIZATION OF PAKISTANIENTREPRENEURS OF NORTH AMERICA OPEN OPEN HOUSTON INC
740706000,INTERNATIONAL ASSOCIATION OF BRIDGE STRUCTURAL AND ORNAMENTAL IRON WOR 66
760517074,HOUSTON CHAPTER OF THE GAS PROCESSORS ASSOCIATION
752935690,NATIONAL GRAZING LANDS CONSERVATION INITIATIVE STEERING COMMITTEE
383901632,HILLTOP LAKES WILDLIFE TEAM
471684334,TEXAS CLIMATE NEWS
742834447,FEDERATION OF STATE CONSERVATION VOTERS LEAGUE INC TEXAS LEAGUE OF CONSERVATION VOTERS
273628810,NORTH TEXAS CHAPTER OF THE GAS PROCESSORS ASSOCIATION
760048015,PROFESSIONAL SOIL SCIENTISTS ASSOCIATION OF TEXAS
261390918,HARDAWAY LINDSEY AND LAZY ACRES ASSOCIATION
481115082,SOUTH CENTRAL CHAPTER AMERICAN ASSOCIATION OF AIRPORT EXECUTIVES INC
721621543,CFA SOCIETY OF AUSTIN
10691450,STRATEGIC WORLD IMPACT INC
30453788,FRIENDS OF DEEP EDDY INC
50618099,CATTLEMENS TEXAS LONGHORN CONSERVANCY
61834089,REEL THANX INC
200758643,REPAIR THE BREACH MINISTRIES
200930296,ST JAMES HOUSE FOUNDATION
202817575,WATERFALLS INTERNATIONAL MINISTRIES
203225990,LUMEN WEDOBELIEVE
203288155,SOUTH PADRE ISLAND BIRDING AND NATURE CENTER
203622669,CADDO LAKE INSTITUTE INC
208646230,JOHN O ANTHONY TESTAMENTARY CHARITABLE TRUST
208753042,HARRIS COUNTY MASTER GARDENER ASSOCIATION INC
237069912,THE FRANK BUCK ZOOLOGICAL SOCIETY
237393204,CHIHUAHUAN DESERT RESEARCH INSTITUTE
237431522,AMERICAN PLANNING ASSOCIATION 43 TEXAS CHAPTER
260054494,WEST HOUSTON AQUATIC LEAGUE INC
260161807,TEXAS AGRICULTURAL LAND TRUST
260907430,METAMORPHOSIS CONFERENCE METAMORPHOSIS
261991271,PROYECTO ABRIGO
262907168,NOAH NATURE ALLIANCE INC
263416476,PHIL HARDBERGER PARK CONSERVANCY
263488976,ALL THINGS OUTDOORS MINISTRIES INC
263632878,CENTRO EVANGELISTICO EXALTANDO A CRISTO
264123773,BLACKLAND INCOME GROWTH PROGRAM INC
264351089,DESTINY LEADERSHIP INTERNATIONAL INC
270232323,TURQUOISE COUNCIL OF AMERICANS AND EURASIANS
270375247,I AM WATERS FOUNDATION INC
270470442,JOE ODEN MINISTRIES INC
271275644,AUSTIN CREATIVE REUSE
271619589,BLOOMING BUTTERFLIES INC
272831432,JENNIFER STRICKLAND MINISTRIES
272887426,SAN ANTONIO BIKE SHARE
274029245,EARTH DAY TEXAS INC
300088962,CLEAN ASSOCIATION FOR ENVIRONMENTAL JUSTICE FAITH BASED MINISTRY
300500004,COLINS HOPE
311491907,DALLAS COUNTY MASTER GARDENER ASSOCIATION INC
311627207,COPPELL COMMUNITY GARDEN CORPORATION
311781917,RIO VERDE LAND AND INVESTMENT
342028513,HOMELAND PREPAREDNESS PROJECT
352234918,WOMENS NON PROFIT ALLIANCE
352238290,BLUEPRINT MINISTRIES INC
364721844,MISION EVANGELICA PENTECOSTES NUEVA VIDA
383760883,FRIENDS OF PADRE INC
383931308,HOUSTON GAS PROCESSORS ASSOCIATION
383934583,ESPERANZA MINISTRIES
421626677,CAC BSA GRIFFITH LEAGUE CONSERVATION HOLDINGS INC
452389719,METRO RELIEF
453983173,AMAZON REVIVAL ON THE RIVER INC
454023668,SAN ANTONIO BAY PARTNERSHIP INC SAN ANTONIO BAY PARTNERSHIP
454849119,CEDAR CREEK WATERWAY DEVELOPMENT INC
455076456,FRIENDS OF CTWC
455375339,MISSION UPREACH INC
461769313,THE FAMILY GREENHOUSE
462282692,TEXAS MASTER GARDENER ASSOCIATION INC LIMESTONE COUNTY MASTER GARDENER
462719637,NEIGHBORHOOD PROJECT MINISTRY
464435521,LV PROJECT
464902091,ANUME FOUNDATION
464934196,GLASSHOUSE POLICY FRANCISCO ENRIQUEZ
471077256,MINISTERIO CRISTIANO ESPERANZA DE VIDA
472199904,EMANCIPATION PARK CONSERVANCY SAME
474024013,ANGELS ON EARTH MINISTRIES AOE MINISTRIES
474082129,GUADACOMA EMERGENCY RESPONSE GROUP
474365749,ALAMO COMPLEX MANAGEMENT
475624417,RUFUS REFUGE
522414220,TEXAS MASTER GARDENER ASSOCIATION INC WALKER COUNTY MASTER GARDENER ASSN
542147393,PLAINS TRAIL REGION OF TEXAS INC
562298497,JABO GREEN MINISTRIES INC
651201715,BURKBURNETT GRACE MINISTRIES INC
740942843,TEXAS ANIMAL DAMAGE CONTROL ASSOCIATION COOPERATIVE TRAPPING F
741469506,JUNIOR LEAGUE OF EL PASO INC
741854299,HOUSTON HEIGHTS ASSOCIATION
741916727,LA LECHE LEAGUE INTERNATIONAL INC LLL TEXAS
741928101,HERITAGE HOUSE OF ORANGE COUNTY ASSOCIATION INC
742107589,TANGLEWOOD FOUNDATION
742453164,TEXAS CAVE MANAGEMENT ASSOCIATION INC
742524314,TEXAS FUND FOR ENERGY AND ENVIRONMENTAL EDUCATION SEED
742539733,NATIONAL LUTHERAN OUTDOORS MINISTRY ASSOCIATION INC
742553144,BAT CONSERVATION INTERNATIONAL INC
742591329,FRIENDS OF THE FULTON MANSION VINETTE A JOHNSON
742613666,USEFUL WILD PLANTS OF TEXAS
742625376,3432611 BURNET LL
742659159,SAVE OUR SPRINGS ALLIANCE INC S O S
742665400,JOHN WOOD MINISTRIES INC
742670845,ALAMO RESOURCE CONSERVATION AND DEVELOPMENT AREA INC
742730023,TRAVIS COUNTY MASTER GARDNERS ASSOCIATION INC
742754612,ROBBIE CAVE MINISTRIES
742772667,ALAMO AREA DEVELOPMENT CORPORATION
742821500,ASIAN PARTNERS INTERNATIONAL INC
742896016,CIBOLO CONSERVANCY
742947494,MASCARENAS FOUNDATION
742964446,FOUNTAINHEAD CONSULTING
742973300,MINISTRIES OF ABUNDANCE MINISTRIES INC
742985645,EMPTY TOMB MINISTRIES INC
743088133,VICKERY MEADOW MINISTRY
746040701,JOHN G AND MARIE STELLA KENEDY MEMORIAL FOUNDATION
746484117,IMOGENE AND HAROLD HERNDON CHAR TR I
751173136,MIDLAND GEM AND MINERAL SOCIETY INC
751602150,HERITAGE GUILD OF COLLIN COUNTY TEXAS
751678603,FRIENDS OF THE GOVERNORS MANSION
751780876,OLD OAK CLIFF CONSERVATION LEAGUE INC
751786683,SHERMAN PRESERVATION LEAGUE
751886520,TEXAS TREES FOUNDATION
751947699,GREATER PARIS DEVELOPMENT FOUNDATION INC
751959671,CHISHOLM TRAIL RETIRED SENIOR VOLUNTEER PROGRAM INC DBA RSVP SERVING DENTON COUNTY
752039777,VIETNAMESE BUDDIST CONGREATION OF THE U S TU DAM LOVING CLOUD TEMPLE
752193240,WEST TEXAS GEOLOGY FOUNDATION
752198196,BOTANICAL RESEARCH INSTITUTE OF TEXAS INC
752212039,JIM FULLINGHIM MINISTRIES INC
752233835,TIERCE GREEN MINISTRIES INC
752449354,DOWNTOWN SHERMAN PRESERVATION AND REVITALIZATION INC
752491239,BLUEBONNET RESOURCE CONSERVATION AND DEVELOPMENT INC BLUEBONNET RC AND D
752568176,HARBOR LIGHT MINISTRIES ASSOCIATION
752604970,ABUNDANT RAIN INC
752672210,SUNSHINE AFTER RAIN MINISTRIES
752759901,SOUTHWESTERN PIONEER WINDMILL ASSOCIATION
752836028,GARDEN OF EDEN
752871180,KIDFISH FOUNDATION INC
752896986,MASTERS MEN
752965814,BARNABAS STEWARDSHIP ORGANIZATION
753226104,CONGRESS FOR THE NEW URBANISM CENTRAL TEXAS CHAPTER
756292780,CONNEMARA CONSERVANCY FOUNDATION
760088932,TEXAS GERMAN SOCIETY
760127655,SCENIC TEXAS INC
760248491,JERRY DAVIS STREETREACH MINISTRIES INCORPORATED
760311861,TREES OF HOPE
760460314,CAODAISM
760467789,MOVING MOUNTAINS MINISTRIES INCORPORATED
760519231,FRIENDS OF ANAHUAC REFUGE
760610279,THROUGH THE STORM MINISTRIES
760636839,GALVESTON COUNTY MASTER GARDNER ASSOCIATION INC
760691272,GOLFREACH INC
810655034,GRACE LAKE MINISTRIES INC
811326348,AUSTIN BAT REFUGE
830469861,FIRE RAIN MINISTRIES
901023503,SOUTHSIDE PLACE COMMUNITY GARDEN INC
910977510,AMERICAN SOCIETY OF PRIMATOLOGISTS
942992746,ASSOCIATION OF SPACE EXPLORERS USA
462518462,TUGGS PINK HOUSE OF WUFF INC
270454165,GARZA COUNTY FIVE STONE MINISTRIES
452396806,ROCK BOTTOM MINISTRIES INC
453415901,EL CAMPO DEANERY ACTS INC
900521418,DOUG GILLOW MINISTRIES
510178836,RIO BRAVO RESOURCE CONSERVATION AND DEVELOPMENT AREA
421670341,TROPICAL TRAIL REGION OF TEXAS
942371729,REMNANT OF ISRAEL
901006128,THE CLIMATE CHANGE NOW INITIATIVE CLIMATE CHANGE NOW
900111553,CASS COUNTY CONSERVANCY INC
760658599,CITIZENS LEAGUE FOR ENVIRONMENTAL ACTION NOW
274019587,AUGMENT GROUP INC
752817995,TEXAS PRAIRIE RIVER REGION INC
752703525,SAN ANGELO OLD TOWN CONSERVANCY INC
271327472,ARANSAS PROJECT
752509769,NATIONAL WINDMILL PROJECT INC
510195175,THE HEATHER & THISTLE SOCIETY
461630253,MISSION LIONS FOUNDATION INC
463732751,ARTISAN COMMUNITY OF CANYON LAKE
752670331,FRIENDS OF BIG BEND NATIONAL PARK BIG BEND CONSERVANCY
752421448,HIGH PLAINS RESOURCE CONSERVATION AND DEVELOPMENT INC
760083606,KEEP PEARLAND BEAUTIFUL
760438169,DICKINSON ECONOMIC ENVIRONMENTAL DEVELOPMENT SATELLITE
272657372,PRECINCT ONE-MCCARTY ROAD LANDFILL COMMUNITY SERVICE CORPORATION
742551611,WHITE STONE MINISTRIES INC
760298438,ENDANGERED SPECIES MEDIA PROJECT SAVE BUFFALO BAYOU
202788783,PROVIDING LIVING WATERS MINISTRIES
201930950,TEXAS MASTER GARDENER ASSOCIATION INC LIBERTY COUNTY MASTER GARDENER ASSC
208356813,PILGRIM PLACE II INC
237184499,TROUT UNLIMITED 66 GUADALUPE RIVER
262887967,GLOBAL WILDLIFE CONSERVATION
331153673,DWELLING PLACE MINISTRIES INC
471468601,FOODMAKERS
742637783,TEXAS NURSERY AND LANDSCAPE ASSOC EDUCATION AND RESEARCH FOUNDATION
752316240,ONE HUNDRED ACRES OF HERITAGE INC
200937623,CAMP WAR EAGLE INC
203964693,LC AND MARY WORLEY MEMORIALFOUNDATION
206240606,GLADYS AND JD LEFTWICH CHARITABLE TR 2
208134516,S C RAIN FOUNDATION
237385847,GREEN UMBRELLA CORPORATION
270412351,TONY OGDEN FOUNDATION
273495204,HARDY FOUNDATION
276402231,MONTGOMERY HUMANE TR
276931135,JJM ENDOWMENT TR FOR SERENITY HOUSE OF ABILENE
431119922,LINDON Q SKIDMORE CHARITABLE TRUST BOATMENS FIRST NATL BK OF KC
436240950,GEORGE STAMBERGER TRUST C O BOATMENS 1ST NATL BK OF KC
446008311,ELLA C LOOSE TRUST 4230 FIRST NATL BK OF KC
467483163,TOM AND LOIS LONGEST CHARITABLE TR THOMPSON B LONGEST TTEE
471292072,RIO GRANDE NATURAL RESOURCE CONSERVATION FOUNDATION RIO GRANDE FOUNDATION
616465261,WINGATE LINDSEY CHARITABLE TR GARY W POCHYLA TTEE
746038766,CAESAR KLEBERG FOUNDATION FOR WILDLIFE CONSERVATION
746041694,RALPH BUCHANAN ALBAUGH TRUST
752055174,THE JOHN R AND MARY MARGARET CLAY CHARITABLE FOUNDATION
752269766,COMMUNICATING THE GOOD NEWS
752293062,WICKER WEIR FOUNDATION
752567517,PLANETARY TRUST HALEY MARGARET J TTEE
752809598,MAX AND BILLIE CLARK FOUNDATION
752825825,SNOW HILL MINISTRIES
752856276,WILTON FOUNDATION LEONARD SCOTT L CPA TTEE
752927872,TEXAS ORGANIC RESEARCH CENTER INC
756036333,HARRY S MOSS FOUNDATION
760207030,LOREN E EASLEY FOUNDATION INC
760211646,THE PINE LODGE FOUNDATION
916025042,TUA A ANDERSON RILEY CHAR TR
916093356,TUA A BERGSTROM CHARITABLE TR
916251624,JANSON FOUNDATION C O SEA FIRST NATIONAL BANK
956816752,ELIZABETH G BISHOP CHARITABLE TR DTD 080484 SECURITY PACIFIC NATIONAL BANK TTEE
261380672,TOM T EAST SR AND ALICE K EAST AND ALICE H EAST AND ROBERT C EAST WILDL
752153006,JOANNE HERBERT STROUD FOUNDATION
203852468,JACK AND FRANCES BROWN FOUNDATION