EIN,Name
134249347,SOUTH TEXAS WATER UTILITY MANAGERS ASSOCIATION
202320697,CRIGHTON WOODS HOMEOWNERS ASSOCIATION INC
202422242,ARBORETUM MARKET INVESTMENT GROUP INC
205508016,TEXAS CLEAN AIR CITIES COALITION TCACC
237158154,HOUSTON ASSOCIATION OF PROFESSIONAL LANDMEN HAPL
237174515,LITTLE RIVER ACADEMY IMPROVEMENT ASSOCIATION
237221304,WOODLAND HILLS TRAIL ASSOCIATION
237243633,SHERWOOD ELM GROVE TRAIL ASSOCIATION
237291903,LAKEWOOD FOREST FUND INC
237357269,TEXAS AIRSTREAM HARBOR INC
237417511,AMERICAN SOCIETY OF INTERIOR DESIGNERS INC TEXAS GULF COAST CHAPTER
260141140,CLEAN TECHNOLOGY AND SUSTAINABLE INDUSTRIES ORGANIZATION
260435585,BARNETT SHALE ENERGY EDUCATIONCOUNCIL
261316359,CROSS TIMBERS LANDOWNERS CONSERVANCY
264777238,WOMENS ENERGY NETWORK NORTH TEXAS
270046191,TEXAS ALLIANCE FOR RESPONSIBLE GROWTH ENVIRONMENT TRANSPORTATION TARGET
272005123,NATIONAL OCEAN POLICY COALITION
274287579,GULF COAST COMMERCIAL RE NETWORK INC
352494009,SOCIETY OF LAKE MANAGEMENT PROFESSIONALS
432080187,EAST SHORE COMMUNITY ASSOCIATION
462620036,GULF COAST COALITION OF CITIES
463376103,TEXAS CONSERVATION ASSOCIATION FOR WATER AND SOIL
463895729,TEXANS FOR CLEAN WATER INC
465448781,TEXAS SOLAR POWER ASSOCIATION
465657859,TEXAS COUNCIL OF ROYALTY OWNERS
472261024,OUR NATIONS ENERGY FUTURE COALITION INC ONE FUTURE
473663656,ENERGY POLICY NETWORK
474610390,NATURAL GAS TRAINING COUNCIL
510187748,DALLAS GARDEN CLUB OF THE DALLAS WOMANS CLUB
521812626,CASE MANAGEMENT SOCIETY OF AMERICA INC HOUSTON GULF COAST CHAPTER OF CMSA
611490192,DALLAS WOODS AND WATERS CLUB
736174958,ELISE V CANN TR
741051987,TEXAS WATER CONSERVATION ASSOCIATION
741211684,SATTERWHITE DUFFY LAKE INC
741361102,TEXAS LAND TITLE ASSOCIATION INC
741607050,TWIN MOUNTAIN MANOR INC
741611738,PONDEROSA FOREST MAINTENANCE ASSOCIATION
741648152,NORCHESTER MAINTENANCE FUND INC
741689282,CORPUS CHRISTI AREA OIL SPILL CONTROL ASSOCIATION
741708558,GREENWOOD FOREST FUND INC
741750209,WOODLAND TRAILS NORTH COMMUNITY IMPROVEMENT ASSOCIATION
741780447,CY FOREST SERVICE ASSOCIATION INC
741846582,ASSOCIATED BUILDERS AND CONTRACTORS INC TEXAS GULF COAST CHAPTER
741918040,TEXAS MINING AND RECLAMATION ASSOCIATION
741956079,ASSOCIATION OF WATER BOARD DIRECTORS INCORPORATED
742010402,CHAMPION FOREST MAINTENANCE FUND INC
742053921,TEXAS ECONMIC DEVELOPMENT COUNCIL INC
742094805,KINGS POINT TRAIL ASSOCIATION
742117354,LEXINGTON WOODS OWNERS COMMITTEE INC
742258347,ASSOCIATED BUILDERS AND CONTRACTORS INC TEXAS COASTAL BEND CHAPTER
742279212,ASSOCIATED BUILDERS AND CONTRACTORS INC TEXAS MID COAST CHAPTER
742350192,TEXAS RENEWABLE ENERGY INDUSTRIES
742350796,LAKES MASTER ASSOCIATION INC
742586243,RECYCLING COUNCIL OF TEXAS
742633614,COASTAL BEND GUIDES ASSOCIATION
742742695,TEXAS LAND DEVELOPERS ASSOCIATION INC
742886586,TEXAS HILL COUNTRY RIVER REGION INC
742891025,TEXAS CAMPAIGN FOR THE ENVIRONMENT
742990805,TEXAS PUBLIC INTEREST RESEARCH GROUP INC
743136755,CARLTON WOODS CREEKSIDE ASSOCIATION INC
746068995,TEXAS SOCIETY OF PROFESSIONAL SURVEYORS 9 GULF COAST
746069002,MESQUITE TRAIL DRIVERS ASSOCIATION
746203782,GALVESTON BAY CRUISING ASSOCIATION INC
750468867,OAK GROVE MEMORIAL GARDENS
750771007,TEXAS FORESTRY ASSOCIATION
750787690,LAKE LYDIA INC
750975500,AMERICAN ASSOC OF PROFESSIONAL LANDMEN INC
751090630,GREENWAY PARKS HOME OWNERS ASSOCIATION
751220638,ROLLING PLAINS COTTON GROWERS INC
751514511,MARIANNE SCRUGGS GARDEN CLUB
751909562,AMERICAN SOCIETY OF LANDSCAPE ARCHITECTS INC TEXAS CHAPTER
751954862,WOODS CEMETERY ASSOCIATION
752307599,TNT JUDGES STUDY CLUB
752351673,CENTER FOR LEGISLATIVE ENERGY AND ENVIRONMENTAL RESEARCH
752655909,NORTH TEXAS SECTION OF THE WATER ENVIRONMENT ASSOCIATION OF TEXAS
752711443,LAUDERDALE RIVER INC
752774331,WOODS OF SPRINGCREEK II HOMEOWNERS ASSOC
756037412,3 H LAKE INC
760046520,INTERWOOD ASSOCIATION INC
760097383,AUDUBON PARK C I A
760243519,GULF COAST COGENERATION ASSOCIATION INC
760352605,CLEAR LAKE CITY BLVD ASSOCIATION
760372678,UNDERGROUD CONSTRUCTION TECHNOLOGY ASSOCIATION INC
760388046,HARBOR PROPERTIES
760391164,LAFFITES COVE AT PIRATES BEACH NATURE SOCIETY
760440865,GULF COAST ASSOCIATION OF GEOLOGICAL SOCIETIES INC
760458344,WOMENS ENERGY NETWORK OF HOUSTON TEXAS WENH
760529161,LAKE LIVINGSTON WTR SPLY AND SWR SERV CORP
760656365,CARLTON WOODS ASSOCIATION INC
800927243,WATERFOWL PRESERVATION ALLIANCE INC
820571299,OVERTON WOODS HOMEOWNERS ASSOCIATION INC
830462989,POSSUM KINGDOM LAKE PRESERVATION ASSOCIATION
840571239,TEXAS AUTOMOTIVE DISMANTLERS AND RECYCLERS ASSOCIATION
270586701,CO2 IS GREEN INC
741711799,NOTTINGHAM FOREST CLUB OF HOUSTON INC
746069809,AUSTIN WOODS AND WATERS CLUB
746059311,SOCIETY OF INDEPENDENT PROFESSIONAL EARTH SCIENTISTS
260571108,1865 LINTON AND 1495 SPRING HARBOR INC
760495195,LINKS INC GULF COAST APOLLO CHAPTER
451273200,WASTEWATER ENVIRONMENTALISTS OF TEXAS INC
751594442,PINE TREE MANOR INC
741617540,MEDINA LAKE BETTERMENT ASSOCIATION
742276131,CASTRO GARDEN CLUB
742741170,TEXAS ON-SITE WASTEWATER ASSOCIATION INC
463567636,AUSTIN ADAM INC
271298380,COALITION FOR RESPONSIBLE REGULATION INC
270428950,COVES OF BRIGHTON BAY LLC
740676255,ASBESTOS WORKERS LOCAL 22 GENERAL 22 AWIA
742168039,TEXAS VEGETABLE ASSOCIATION
742772459,TEXAS GULF COAST SUPERINTENDENTS ASSOCIATION INC
750399805,LONG GLADE LAKE INC
10736021,FRIENDS OF BALCONES CANYONLANDS NATIONAL WILDLIFE REFUGE
20749601,TEXAS ENVIRONMENTAL JUSTICE ADVOCACY SERVICES
43695294,HOUSTON BOTANIC GARDEN
50541975,CHAMPIONS KIDS CAMP INC
61693724,U S GREEN BUILDING COUNCIL GREATER TEXAS GULF COAST CHAPTER
61730795,U S GREEN BUILDING COUNCIL NORTH TEXAS CHAPTER
113736286,NATIONAL NETWORK OF ABORTION FUNDS TEXAS EQUAL ACCESS FUND
142003280,ENVIRONMENTAL STEWARDSHIP
200325123,COASTAL BEACH AND BAY FOUNDATION
200627004,NATIONAL NETWORK OF ABORTION FUNDS BUSH RELIEF FUND
201111056,TEXAS BOTANICAL GARDENS AND NATIVE AMERICAN INTERPRETIVE CENTER INC
201402741,ALLIANCE OF COMMUNITY TRAINERS
201508875,LANDA GARDENS CONSERVANCY
201556341,WILDLIFE HABITAT FEDERATION
201896071,COASTAL PRAIRIE CHAPTR OF THE TEXAS MASTER NATURALISTS INCORPORATED
201991058,SIBLEY ENVIRONMENTAL LEARNING CENTER FOUNDATION INC
202110579,JASPER ARBORETUM AND SANDY CREEK NATURE TRAIL BOARD INCORPORATED
203398696,GROUNDWORK DALLAS
203415046,FRIENDS OF BLUE HOLE
204467651,HOMEBASE TEXAS DBA HOMEBASE
205267886,TEXAS FOUNDATION FOR INNOVATIVE COMMUNITIES
205308443,TEXAS FLOODPLAIN MANAGEMENTASSOCIATION
205675573,CYPRESS WOODS BAND BOOSTERASSOCIATION
208867074,GREENS BAYOU CORRIDOR COALITION
223872351,TWELVE HILLS NATURE CENTER INC
223880229,TEXAS ENVIRONMENTAL RESEARCH CONSORTIUM
237011870,HOUSTON AUDUBON SOCIETY
237039786,FOUNDERS GARDEN CLUB OF DALLAS
237109965,STREAMS AND VALLEYS INC
237221209,FORT WORTH BOTANICAL SOCIETY
237303703,INTERNATIONAL WATER RESOURCES ASSOCIATION INC
237375815,DALLAS ARBORETUM AND BOTANICAL
237403757,ARMAND BAYOU NATURE CENTER INC
237408422,VET TRIIP INC
237419890,MENS GARDEN CLUB OF AUSTIN INC GARDEN CLUB OF AUSTIN
251907558,GREATER EDWARDS AQUIFER ALLIANCE INC
260106908,HILL COUNTRY ALLIANCE
260440839,KEEP VICTORIA BEAUTIFUL
260573774,THROCKMORTON BEAUTIFICATIONCOMMITTEE INC
262117714,CLEANTX FOUNDATION INC
262197283,AUSTIN GREEN ART
262959996,WOODS PROJECT INC
263090197,TRAVIS HABITAT AND LAND CONSERVANCY
263299387,FORT BEND GREEN
263638933,TEXAS INSTITUTE
263749177,SAN ANTONIO BAY FOUNDATION
264419008,ECO ELP INC ECO EL PASO
270061465,INTERNATIONAL ASSOCIATION FOR SOCIETY AND NATURAL RESOURCES
270326758,DALLAS IS GARDENING INC LAKE HIGHLANDS COMMUNITY GARDEN
270505879,INTERNATIONAL MARITIME AND ENERGY CENTER OF HOUSTON
270712564,JOHN BUNKER SANDS WETLAND CENTER
270744614,PECAN STREET INC
271255467,DASH FOR THE BEADS
271310367,HEALTHCODE
273114002,H2O4TEXAS COALITION
273286641,PORT OF HOUSTON PARTNERS IN MARITIME EDUCATION INC
273340044,GREENBELT ALLIANCE OF DENTON COUNTY
273741373,WHITE ROCK LAKE CONSERVANCY INC
273768198,WOODS AND WATER KIDS ADVENTURES INC
273886247,ECOSOLUTIONS FOUNDATION INC
274272004,DEVILS RIVER CONSERVANCY
274344761,PRIMERO CONSERVATION
274374251,MAGNOLIA GARDEN CLUB
274815396,GRID EARTH PROJECT
275011623,EATON HILL NATURE CENTER AND PRESERVE
300028134,DEVILS SINKHOLE SOCIETY INC
300197688,LA FRONTERA CONSERVATION FUND
300276347,HOUSTON REGIONAL MONITORING CORPORATION
300287080,FRIENDS OF MANDELL PARK
300630886,SERVICE ORGANIZATION OF THE PINEY WOODS
311721705,ANGLICAN COMMUNION COMPASS ROSE SOCIETY INC
320004133,TECHNOLOGY HORIZONS FOUNDATION
320108650,HOUSTON AREA URBAN FORESTRY COUNCIL
320172662,FRIENDS OF THE RIVER SAN BERNARD
352300551,SAN ANTONIO ARBORIST ASSOCIATION
362797811,WOMENS COUNCIL GARDEN OF THE DALLAS ARBORETUM AND BOTANICAL SOCIETY INC
364685823,LAND CONSERVATION SOCIETY OF TEXAS INC
371524180,CLEANING FOR A REASON
371581800,GLEN ROSE BAND BOOSTER CLUB
371651856,TEXAS INSTITUTE OF SUSTAINABILITY INC
383801620,SAVE THE LAMPASAS RIVER INC
421573695,HOUSTON WILDERNESS INC
421602181,SAN ANTONIO RIVER FOUNDATION
421645381,FRONTERA LAND ALLIANCE
431987259,TEXAS WATERSHED MANAGEMENT FOUNDATION
451864591,TAKING CARE OF TEXAS
452609167,COASTAL PRAIRIE PARTNERSHIP
452669262,CITIZENS AGAINST THE LANDFILL IN HEMPSTEAD
452701367,MISSION VERDE ALLIANCE
453230780,POWER PLANTING INTERNATIONAL
453662285,SOUTH CENTRAL PARTNERSHIP FOR ENERGY EFFICIENCY AS A RESOURCE
453929881,MERCURY ONE INC
454477343,CULLINAN PARK CONSERVANCY
454908468,BISBEES FISH AND WILDLIFE CONSERVATION FUND
454914737,RETREET
455242196,WATER QUEST INC
460809569,INTERNATIONAL SOIL AND WATER ENVIRONMENTAL EDUCATION PROGRAM IN
460920592,TEXAS LITTER CONTROL
461195052,KIDS ON THE LAND INC KIDS ON THE LAND
461481647,COLORADO RIVER LAND TRUST INC
462191456,BUILDING CONSERVATION TRUST
462705100,SHOAL CREEK CONSERVANCY
463275286,VASUDHA FOUNDATION USA INC
463372095,FUND TEXAS CHOICE
463836254,KEEP YORKTOWN BEAUTIFUL
464255110,LONE STAR COASTAL ALLIANCE
464285669,BAY AREA COASTAL PROTECTION ALLIANCE
464341951,THIRSTY GROUND INTERNATIONAL
465326050,FRIENDS OF QUINTA MAZATLAN
465427185,TEXAS WATER SMART FOUNDATION
465531708,RENEWABLE ENERGY FOR BETTER LIFE FOUNDATION
465679660,BETTER PARKS FOR GALVESTON
471042976,GAIA SOUL ALLIANCE FOUNDATION
471602215,EDWARDS AQUIFER CONSERVANCY
471924312,KEEP HOWE BEAUTIFUL
471982274,TANZANIA WILDLIFE AND CONSERVATION FUND INC
473051483,ZILKER BOTANICAL GARDEN CONSERVANCY NON PROFIT CORPORATION
481284000,COASTAL PRAIRIE COALITION GRAZING LANDS CONSERVATION INITIATIVE INC
522422392,TEXAS PUBLIC INTEREST RESEARCH GROUP EDUCATION FUND INC
542143893,DENTON COUNTY MASTER GARDENER ASSOCIATATION
562375157,IMAGES FOR CONSERVATION FUND
562518503,FRIENDS OF THE BRAZOS RIVER INC
562591697,ENVIRONMENT TEXAS RESEARCH AND POLICY CENTER INC
620604364,THE AFRICAN VIOLET SOCIETY OF AMERICA INC
710920918,WATERSHED
731628865,GUADALUPE BLANCO RIVER TRUST
741145998,RIVER OAKS GARDEN CLUB
741154434,ASSOCIATION OF TEXAS SOIL CONSERVATION DISTRICTS ATSWCDS
741587880,HOUSTON ARBORETUM AND NATURE CENTER
741692204,CITIZENS ENVIRONMENTAL COALITION EDUCATIONAL FUND
741696145,ECOLOGY ACTION OF TEXAS INC
741946081,HOUSTON CLEAN CITY COMMISSION INC KEEP HOUSTON BEAUTIFUL
741962704,TEXAS SOLAR ENERGY SOCIETY INC
741983478,FRONTERA AUDUBON SOCIETY
741984482,COASTAL CONSERVATION ASSOCIATION
742055923,NATIONAL HISPANIC INSTITUTE INC
742130626,SAVE BARTON CREEK ASSOCIATION
742178792,SAN ANTONIO BOTANICAL GARDEN SOCIETY INC
742245311,WILDFLOWER DONOR INC
742250898,ALAMO HEIGHTS TERRELL HILLS GARDEN CLUB INC
742253593,CROWES NEST FARM INC
742274448,SOUTH TEXAS BOTANICAL GARDENS AND NATURE CENTER
742287354,KEEP EL PASO BEAUTIFUL
742352514,LOWER RIO GRANDE VALLEY NATURE CENTER
742387541,KEEP AUSTIN BEAUTIFUL INC
742428376,SAN MARCOS RIVER FOUNDATION INC
742441468,SUSTAINABLE FOOD CENTER INC
742466775,THE LAKE WHITNEY MINISTERIAL ALLIANCE
742487218,MCBRIDE CONSERVATION FUND FOUNDATION
742488227,VALLEY LAND FUND INC
742518996,WESTERN TRAILS GROUP ED KNAAK
742538984,RIVERSIDE NATURE CENTER ASSOCIATION
742550843,RECYCLING ALLIANCE OF TEXAS DBA STATE OF TX ALLIANCE FOR RECYLG
742562764,KEEP TEMPLE BEAUTIFUL INC
742590850,KEEP HARLINGEN BEAUTIFUL INC HARLINGEN PROUD
742594191,TEXAS GARDEN CLUBS INC RIO GRANDE CITY GARDEN CLUB
742600978,BEXAR COUNTY MASTER GARDENERS SCHULTZE HOUSE COTTAGE GDNS AND GIFTS
742601251,DAVIS MOUNTAINS TRANS PECOS HERITAGE ASSOCIATION
742607076,COLORADO RIVER WATCH FOUNDATION INC
742627643,ENVIRONMENTAL FUND FOR TEXAS EARTH SHARE OF TEXAS
742631397,FRIENDS OF THE COLORADO RIVER FOUNDATION INC
742681873,CENTRAL TEXAS RESOURCE CONSERVATION AND DEVELOPMENT COUNCIL INCORPORATED
742690667,HERB SOCIETY OF AMERICA PIONEER UNIT
742690768,KEEP MCALLEN BEAUTIFUL INC
742714186,CHAUTAUQUA FOUNDATION INC CAMP CHAUTAUQUA
742714211,TEXAS ASSOCIATION OF RESOURCE CONSERVATION AND DEVELOPMENT AREAS
742720710,CENTRO POR LA JUSTICIA
742739793,COOPERATIVE TEAMWORK AND RECYCLING ASSISTANCE
742742037,RGISC INC RIO GRANDE INTERNATIONAL STUDY CENT
742757165,TEXAS COALITION GRAZING LANDS CONSERVATION INITIATIVE INC
742768391,CLEAN AIR FORCE OF CENTRAL TEXAS
742769793,TEXAS WATER UTILITIES ASSOCIATION SOUTHEAST REGION
742866967,TEXAS WATER FOUNDATION INC
742879756,WIMBERLEY VALLEY WATERSHED ASSOC INC
742883847,A NURTURED WORLD INC
742884531,BEXAR LAND TRUST INC
742907255,HILL COUNTRY LAND TRUST INC
742924400,COMMUNITY INVESTMENT CORPORATION
742924909,COASTAL BEND BAYS AND ESTUARIES PROGRAM
742927796,FRIENDS OF ENCHANTED ROCK STATE NATURAL AREA INC
742932549,KEYSTONE HERITAGE PARK INC
742932637,BELL COUNTY MASTER GARDENERS ASSOCIATION INC
742948145,HILL COUNTRY CONSERVANCY INC
742974140,VICTORIA COUNTY MASTER GARDENER ASSOCIATION
742989863,PINES AND PRAIRIES LAND TRUST
743008249,NATIONAL NETWORK OF ABORTION FUNDS LILITH FUND INC
743016886,SPJST EDUCATION AND NATURE CENTER
743020979,METROPOLITAN PARTNERSHIP FOR ENERGY BUILD SAN ANTONIO GREEN
746049372,TEXAS GARDEN CLUBS INC 2035 BEAUMONT COUNCIL OF G C
746059676,TEXAS GARDEN CLUBS INC 2050 SAN ANTONIO GARDEN CENTER
746060646,AUSTIN AREA GARDEN CENTER INC
746062219,TEXAS RECREATION AND PARK SOCIETY
746068250,BIG BEND NATURAL HISTORY ASSOCIATION INC
746075031,BAYOU PRESERVATION ASSOCIATION INC
746077170,BAYOU BEND GARDENS ENDOWMENT
746106107,BEAUTIFY CORPUS CHRISTI ASSOCIATION
746131894,TEXAS GARDEN CLUBS INC 399 HONDO GARDEN CLUBS
747055759,KEEP TEXAS BEAUTIFUL INC
750309036,CCA TEXAS FUND GULF COAST CONSERVATION ASSOCIATION
750873312,OAK CLIFF SOCIETY OF FINE ARTS
750968821,AMARILLO BOTANICAL GARDENS
750974342,TEXAS GARDEN CLUBS INC TEXAS DISCOVERY GARDENS
751666070,KEEP LONGVIEW BEAUTIFUL INC
751707293,TEXAS GAME WARDEN ASSOCIATION INC
751761481,DALLAS ECOLOGICAL FOUNDATION
751825883,TEXAS LAND CONSERVANCY
751833438,WOODS AND WATERS FOUNDATION
751840314,FORT WORTH GARDEN CLUB INC
751853375,KEEP MIDLAND BEAUTIFUL INC
751879329,LAKE GRANBURY AREA BEAUTIFICATION COUNCIL INC
751980443,WICHITA FALLS STREAMS AND VALLEYS INC
752101234,TURTLE CREEK ASSOCIATION INC
752154523,ANGELINA BEAUTIFUL CLEAN
752215558,RIVER LEGACY FOUNDATION
752234375,KEEP ATHENS BEAUTIFUL
752243795,WOMENS COUNCIL OF THE DALLAS ARBORETUM AND BOTANICAL GARDEN
752244319,KEEP ODESSA BEAUTIFUL
752254312,KEEP MESQUITE BEAUTIFUL INC
752337868,TEXAS CONSERVATION FUND
752343282,DALLAS PALEONTOLOGICAL SOCIETY
752352954,SAN ANGELO FRIENDS OF THE ENVIRONMENT
752390840,EAST TEXAS ARBORETUM AND BOTANICAL
752400773,PINEYWOODS RESOURCE CONSERVATION AND DEVELOPMENT CORPORATION
752448845,PERMIAN BASIN MASTER GARDENERS
752450465,TEXAS ALLIANCE OF GROUNDWATER DISTRICTS
752462520,WILDCAT BLUFF NATURE CENTER INC
752488233,KEEP LEWISVILLE BEAUTIFUL
752550483,KEEP DENTON BEAUTIFUL
752573928,LEE PARK AND ARLINGTON HALL CONSERVANCY
752580047,KEEP IRVING BEAUTIFUL
752596907,RIVER BEND NATURE WORKS
752603041,PINEY WOODS REGIONAL ADVISORY COUNCIL
752645064,LONGVIEW PARKS AND LEISURE SERVICES FOUNDATION
752723299,VIRGINIA WOODS PROPERTY OWNERS ASSOCIATION INC
752788771,THE CRAPE MYRTLE TRAILS OF MCKINNEY FOUNDATION
752793697,KEEP ROWLETT BEAUTIFUL INC
752824979,EDWARDS PLATEAU PRESCRIBED BURNING ASSN
752831596,CAPROCK PARTNERS FOUNDATION
752841573,HOTZONE
752876262,THE DALLAS COUNTY AUDUBON SOCIETY INC
752943956,NATIONAL GRAZING LANDS COALITION
752955573,TRINITY RIVER COMMISSION FOUNDATION INC
753253640,OUR LANDS AND WATERS FDTN A PUBLIC PARTNERSHIP WITH THE USACE OUR LANDS AND WATERS FOUNDATION
754213005,NEW BRAUNFELS CONSERVATION SOCIETY FOUNDATION TRUST
756039955,LUBBOCK MEMORIAL ARBORETUM FOUNDATION INC
760008423,GARDEN CLUB OF HOUSTON
760031884,CRADLE OF TEXAS CONSERVANCY INC
760035175,CLEAN GALVESTON INC
760043028,TEXAS BIGHORN SOCIETY
760046318,TREES FOR HOUSTON
760105149,AIR AND WASTE MANAGEMENT ASSOCIATION GULF COAST CHAPTER GULF COAST CHAPTER
760183954,BUFFALO BAYOU PARTNERSHIP
760209022,AUDUBON DOCENT GUILD
760247588,ARMAND BAYOU NATURE CENTER FOUNDATION
760279876,GALVESTON BAY FOUNDATION
760280697,INTERNATIONAL OLEANDER SOCIETY
760327389,HERMANN PARK CONSERVANCY
760377029,KATY PRAIRIE CONSERVANCY
760392755,WASHINGTON COUNTY ADVISORY COUNCIL ON RECYCLING
760447336,TEXAS RICE INDUSTRY COALITION FOR THE ENVIRONMENT TEXAS R I C E
760474318,EMISSION REDUCTION CREDIT CORPORATION OF THE GULF COAST
760491491,THE MATAGORDA BAY FOUNDATION
760501430,URBAN HARVEST INC
760511886,SCENIC GALVESTON INCORPORATED
760546145,MATAGORDA COUNTY NATURE CENTER INC
760557498,BAYOU LAND CONSERVANCY
760579760,TEXAS GARDEN CLUBS INC 2216 PLANT AND PRAY GARDEN CLUB
760586373,FRIENDS OF THE BAYTOWN NATURE CENTER INC
760602346,HOUSTON TOMORROW
760604817,SAVE OUR BEACH ASSOCIATION
760617108,BLACKWOOD EDUCATIONAL LAND INSTITUTE BLACKWOOD LAND INSTITUTE
760617443,NORTH AMERICAN PROCESS TECHNOLOGY ALLIANCE NAPTA
760621454,FRIENDS OF THE EDDIE V GRAY WETLANDS EDUCATION CENTER INC
760663372,PRODUCED WATER SOCIETY INC
760668230,FORT BEND COUNTY MASTER GARDENERS INC
760685448,WILLOW WATERHOLE GREENSPACE CONSERVANCY INC
760695159,NEIGHBORHOOD FAMILY CLINIC INC
760697693,LANGTREE DUCK FARM ECO CENTER
800232686,GREATER CADDO LAKE ASSOCIATION OF TEXAS
800316780,WATSON RARE NATIVE PLANT PRESERVE
800385916,RECYCLED POMERANIANS AND SCHIPPERKES RESCUE
800746629,ALLIANCE FOR CONSERVATION EASEMENTS
800812900,ECORISE YOUTH INNOVATIONS
810554715,THE NELAC INSTITUTE
820377903,WESTERN REGIONAL ENVIRONMENTAL EDUCATION COUNCIL COUNCIL FOR ENVIRONMENTAL EDUCATION
841512096,GREAT PLAINS RESTORATION COUNCIL
850284313,ENVIRONMENTAL PHILOSOPHY INC
850488313,TEXAS LAND TRUST COUNCIL
870699956,TOWN LAKE TRAIL FOUNDATION
900648270,PARAPLEGICS ON INDEPENDENT NATURE TRIPS GROUP RETURN
461838071,JEFFERSON RAILWAY AND WETLANDS FOUNDATION
901021494,KEEP OLNEY BEAUTIFUL
752132135,ABILENE CLEAN AND PROUD INC
800968193,SOUTHEAST SECTION OF THE WATER ENVIRONMENT ASSOCIATION OF TEXAS
760166939,TEXAS GARDEN CLUBS INC
741936182,LAKE CONROE ASSOCIATION
760295919,TEXAS GARDEN CLUBS INC 2057 GARDENERS BY THE BAY
462465799,FREDERICKSBURG SHINES
261618125,RAINFOREST PARTNERSHIP
471415709,RECYCLED LOVE ANIMAL RESCUE RECYCLED LOVE ANIMAL RESCUE
205125287,CY WOODS ATHLETIC BOOSTER CLUB
510225607,TEXAS GARDEN CLUBS INC
371664948,C & R KUTTBOTTLE INC
760655841,MEMORIAL PARK CONSERVANCY INC
331092397,BOB JONES NATURE CENTER
742244183,NETWORK POWER TEXAS
742934364,SOLAR SAN ANTONIO
752799755,KAUFMAN COUNTY SOLID WASTE MANAGEMENT COOPERATIVE INC ENVIRONMENTAL CO OP
201847551,TRINITY BASIN CONSERVATION FOUNDATION
611559641,TEXAS LIONS EYEGLASS RECYCLING CENTER FOUNDATION
751495717,FRIENDS OF THE FORT WORTH NATURE CENTER AND REFUGE INC
300523041,AQUAPONICS AND EARTH SUSTAINABLE LIVING INC
920178978,TRINITY RIVER ACTION COALITION TRAC
742645332,VALLEY PROUD ENVIRONMENTAL COUNCIL
201976730,FORUM OF CIVICS FOUNDATION
760691097,LOWER BRAZOS RIVER CONSERVANCY
260651953,TEXAS CENTER FOR ALTERNATIVE FUELRESEARCH AND DEVELOPMENT
752824633,KEEP ALLEN BEAUTIFUL CORPORATION
742936705,TEXAS LEAGUE OF CONSERVATION VOTERS EDUCATIONAL FUND
746046937,TRAVIS AUDUBON SOCIETY INC
760630375,SOUTH LIBERTY COUNTY HAZARDOUS MATERIALS EMERGENCY RESPONSE TEAM
330967424,ASK EARTHMAN FOUNDATION
452782423,PURE ENERGY SPORTS
263060991,CITIZENS FOR AFFORDABLE ENERGY INC
760579629,SUN RISE INSTITUTE
752361817,SOLID WASTE ASSOCIATION OF NORTH AMERICA INC TEXAS LONE STAR CHAPT
261564909,CONSERVE EAST TEXAS
262563455,CLASS 4 WINDS INC
800541645,MEMORIAL PARK CONSERVANCY ENDOWMENT
742603919,COASTAL BEND BAYS FOUNDATION INC
452642769,KEEP AUBREY BEAUTIFUL
752945656,AFASIN FOUNDATION INC
200576859,BROWNSVILLE BOTANICAL GARDENS AND ARBORETUM
752808239,ANGELINA NACOGDOCHES FOREST LANDOWNERS ASSOCIATION
751057918,TEXAS GARDEN CLUBS INC
752958519,HISTORIC CAMP BOWIE INITIATIVES
742724174,TEXAS CAVE CONSERVANCY
760436267,EAST MATAGORDA BAY FOUNDATION INC
752471848,CHISHOLM TRAIL RC&D INC
262853072,CLIMBERS OF HUECO TANKS COALITION
760289492,TEXAS ASSOCIATION OF ENVIRONMENTAL PROFESSIONALS
264802013,FRIENDS FOR GOOD
742346318,KEEP SAN ANTONIO BEAUTIFUL INC
330833441,FUNDACION ECOLOGICA SELVA NEGRA
462032861,GUADALUPE RIVER ASSOCIATION INC
510204049,WESTCAVE OUTDOOR DISCOVERY CENTER
752111043,TEXAS GARDEN CLUBS INC 193 JR GROUP OF DALLAS GARDEN CLUB
760567365,PECKERWOOD GARDENS CONSERVATION FOUNDATION INC
203592808,AUSTIN CARSHARE
371602829,J C CALM FOUNDATION INCORPORATED
451534931,BARNETT SHALE WATER CONSERVATION AND MANAGEMENT COMMITTEE INC
43810989,US GREEN BUILDING COUNCIL OF CENTRAL TEXAS BALCONES CHAPTER
133608893,COALITION FOR JUSTICE IN THE MAQUILADORAS
203287015,CALM AIR VISIBILITY UNLIMITED
208448752,LA CRUZ HABITAT PROTECTION PROJECT
260042466,GARDENING VOLUNTEERS OF SOUTH TEXAS
273050761,GALVESTON ISLAND TREE CONSERVANCY
331095299,GALVESTON ISLAND NATURE TOURISM COUNCIL
411909838,RAINFOREST CAFE FRIENDS OF THE FUTURE FOUNDATION LANDRYS FOUNDATION
463283253,MITIGATION FUTURES CONSERVANCY
463306811,HOT WELLS CONSERVANCY
471772600,KEEPAMERICACLEAN
741969689,WATER ENVIRONMENT ASSOCIATION OF TEXAS
742121275,LAKE MCQUEENEY PROPERTY OWNERS ASSOCIATION INC LAKE MCQUEENEY PROPERTY OWNERS ASSO
742143423,KEEP BRAZOS BEAUTIFUL INC
742164352,KEEP WACO BEAUTIFUL INC
742536799,AUSTIN RIVER CITY REC ERS INC
742564700,FRIENDS OF CIBOLO WILDERNESS CIBOLO NATURE CENTER
742569827,TREE FOLKS INC
742687511,TEXAS ORGANIC FARMERS AND GARDENERS ASSOCIATION
742687805,TEXAS CONSERVATION SCIENCE INC
742697896,NATIVE PLANT SOCIETY OF TEXAS
752428409,LEON BOSQUE RESOURCE CONSERVATION AND DEVELOPMENT COUNCIL INC
752546504,GARDENERS IN COMMUNITY DEVELOPMENT
752618458,LITTLE FOREST HILLS NEIGHBORHOOD
752708139,FRIENDS OF THE KATY TRAIL INC
752757096,ELLIS COUNTY MASTER GARDENERS INC
756423660,BAIRD FAMILY CHARITABLE TRUST FRITZ EDWARD C CO TTEE
760461030,AIR ALLIANCE HOUSTON G H A S P
760628143,KEEP SUGAR LAND BEAUTIFUL
201991645,BEAU THERIOT COMANCHE CANYON RANCH PRESERVE INC
208043772,KYLE LAKE FOUNDATION
261378231,WARBLER WOODS BIRD SANCTUARY
271498899,MUSTARD SEED PARTNERS INC
452665652,RAO FOUNDATION
454616548,PALSANO SPRINGS FOUNDATION
455017295,WHAT A KITE FOUNDATION INC
455518326,TEXAS CLEAN ENERGY COALITION
462902511,SFCU FOUNDATION
464214658,EPICC ENVIRONMENTAL PROTECTION IN THE INTEREST OF CALDWELL COUNTY
680554522,WILLIAMSON COUNTY CONSERVATION FOUNDATION INC
710861925,ECOSUSTAIN
742955600,WOODS FOUNDATION
746388418,FORMOSA PLASTICS ENVIRONMENTAL ENDOWMENT FUND TR ACCOUNT
751365606,ARBORETUM INC
751375644,LOUISE B BELSTERLING FOUNDATION OF THE DALLAS GARDEN CLUB INC E
751712770,CHILDRESS ANGLERS AND SPORTSMANS CLUB
752212157,EVERETT E AND ORABETH K WOODS FOUNDATION
752384515,DALLAS AREA HISTORICAL ROSE SOCIETY
752901907,FORT WORTH WILDLIFE CONSERVATION FUND
760288131,MOODY GARDENS INC
900590386,UNLITTER CAMPAIGN
916310582,ARRA AND EVA WOODS CHARITABLE TRUST UA 715 992192
953310318,ROBINSON ARBORETUM FUND
541876544,SERENGETI FOUNDATION
752735104,PATON FAMILY CHARITABLE FOUNDATION
752505605,TEXAS FOREST COUNTRY PARTNERSHIP INC
943301753,
43073733,
811111099,
460913157,
760190077,
237009662,
760166046,
331142417,
752115407,
474407466,
464153283,
522211013,
461383538,
461884662,
471614599,
465102762,
383670037,
320290428,
581501330,
463209805,
133833680,SAUDI ARAMCO RET WELFARE BEN TR
201066884,530 JOHN HANCOCK INC
203007468,TEXAS BEVERAGE ASSOCIATION INC
205997882,PROPERTY OWNERS WHO CARE SOUTH PADRE ISLAND
208465873,BAY RIVER COLONY HOMEOWNERSASSOCIATION INC
237087285,VITIS RESEARCH AND DEVELOPMENT CORPORATION
237155715,MULCH AND SOIL COUNCIL
237630179,WOODMAN OF WORLD TEXAS CHAPTER 72 72 TX
330469663,FORCE RECON ASSOCIATION INC
453732100,TEXAS DESALINATION ASSOCIATION
453914632,MORTON CREEK RANCH MASTER ASSOCIATION INC
454432454,TEXAS SALAMANDER COALITION INC
454689386,SAN ANTONIANS UNITED FOR THE PROTECTION OF HARDBERGER PARK
455250336,ADVANCED ENERGY ECONOMY TEXAS
464275961,ACCION MARTIN HOLDINGS INC
465545136,PERMIAN BASIN CHAPTER OF THE INTL ASSOC OF DRILLING CONTRACTORS INC
571233874,FARM AND RANCH FREEDOM ALLIANCE
610504100,BLET AUXILIARY
611429271,THE WIND COALITION
611535764,AUSTIN HUMAN RESOURCE MANAGEMENT ASSOCIATION
611640323,CENTRAL TEXAS WORKING AUSTRALIAN SHEPHERD ASSOCIATION
716119183,ANTON GVORA IRREV TRUST
720677751,NATIONAL ASSOCIATION OF PIPE COATING APPLICATORS
721585507,CITY PARK COMMERCIAL ASSOCIATION INC
731164337,HERITAGE ALLIANCE
740659145,GRUENAU TURN AND SCHUETZEN VEREIN
741289926,MEMORIAL FOREST CLUB
741444579,KARNES CITY AQUATIC CLUB
741445769,TEXAS ASPHALT PAVEMENT ASSOCIATION
741498701,RIVERSIDE WATERWORKS
741592719,WILCHESTER WEST FUND INC
741606993,WHISPERING OAKS MAINTENANCE ASSOCIATION
741775737,TEXAS SIMMENTAL SIMBRAH ASSOCIATION
742213783,AUSTIN CHAPTER AMERICAN INSTITUTE OF ARCHITECTS AIA AUSTIN
742240340,INTERNATIONAL SOCIETY OF
742256742,TEXAS PIPELINE ASSOCIATION
742289170,ROCK CHURCH CEMETARY ASSOCIATION INC
742586701,TEXAS BICYCLE COALITION
742706445,AMERICAS LAST PATROL INC AMERICAS LAST PATROL RANCH
742878330,SOUTH CENTRAL MEMBRANE ASSOCIATION
743003054,BUILDING INDUSTRY ASSOCIATION OF THE HIGHLAND LAKES
743010608,PROJECT MANAGEMENT INSTITUTE ALAMO CHAPTER
750380978,COON CREEK CLUB
750755090,LUBBOCK COTTON EXCHANGE
751048892,PERMIAN BASIN OIL SHOW INC
751085465,PERMIAN BASIN PETROLEUM ASSOCIATION INC
751306934,NEA DALLAS
751920629,VALLEY RANCH MASTER ASSOCIATION INC
751943537,TEXAS CIRCULATION MANAGEMENT ASSOCIATION INC
752059559,SOUTHWEST CAR WASH ASSOCIATION INC
752268589,LOCKHEED MARTIN VOUGHT HERITAGE MANAGEMENT ASSOCIATION
752320269,AMVETS 74 LAND OF TEXOMA SAKS
752591077,CRIME PATROL FOREST MEADOW
752606683,PERMIAN BASIN ASSOCIATION OF DIVISION ORDER ANALYSTS
752638966,DALLAS AREA INTERFAITH
752694999,ORION PARK SHADY VALLEY WEST POA INC
752798198,BGD PRODUCT CO LTD
756044251,FORT WORTH WILDCAT COMMITTEE
760049016,METROPOLITAN ORGANIZATION OF HOUSTON TEXAS INCORPORATED
760079475,OLD TOWN SPRING PRESERVATION LEAGUE INC
760113738,ROLLING FORK OWNERS COMMITTEE INC
760249237,EAST HARRIS COUNTY MANUFACTURING ASSOC
760260555,RICE AREA CONSTABLE SERVICE
760287101,SOCIETY FOR MANAGEMENT INFORMATION SYSTEMS HOUSTON CHAPTER
760330177,LA PORTE TEXAS LOCAL EMERGENCY PLANNING COMMITTEE LEPC
760391473,HOUSTON GULF COAST IRRIGATION ASSOCIAITON
760416536,COPPER LAKES HOMWOWNERS ASSOCIATION
760419545,PETROCHEMICAL FEEDSTOCK ASSOCIATION OF THE AMERICAS PFAA
760455641,LINKS INC TEXAS SPRING CYPRESS CHAPTER
760482214,FELLOWSHIP CLUB
760608646,SOUTHEAST TEXAS PLANT MANAGERS FORUM
760669008,BCCA APPEAL GROUP
810813732,TEXAS OUTDOOR COASTAL COUNCIL
820566296,7X24 EXCHANGE LONESTAR CHAPTER
850155431,WESTEXAS NEW MEXICO FLORIST ASSOCIATION
262301513,HISPANIC EXECUTIVE SOCIETY INTERNATIONAL
30489678,COOPERATIVE EXCHANGE
741192009,TEXAS NURSERY AND LANDSCAPE ASSOCIATION INC
746064280,ROTARY INTERNATIONAL ROTARY CLUB OF KATY
746062135,HOUSTON CHAPTER THE LINKS INC
205945511,ORGANIZATION OF PAKISTANIENTREPRENEURS OF NORTH AMERICA OPEN OPEN HOUSTON INC
454056819,FREEDOM TRAIL
770600646,TEXAS ENERGY CENTER
463471364,CVMA TX CH 23-10
740706000,INTERNATIONAL ASSOCIATION OF BRIDGE STRUCTURAL AND ORNAMENTAL IRON WOR 66
760169909,BAY AREA QUILT GUILD
751946248,NATIONAL ASSOCIATION FOR THE ADVANCEMENT OF COLORED PEOPLE GRAYSON COUNTY NAACP 6252
760517074,HOUSTON CHAPTER OF THE GAS PROCESSORS ASSOCIATION
752935690,NATIONAL GRAZING LANDS CONSERVATION INITIATIVE STEERING COMMITTEE
463168468,OPEN CARRY TEXAS INC
383901632,HILLTOP LAKES WILDLIFE TEAM
471684334,TEXAS CLIMATE NEWS
742834447,FEDERATION OF STATE CONSERVATION VOTERS LEAGUE INC TEXAS LEAGUE OF CONSERVATION VOTERS
740706081,INTERNATIONAL BROTHERHD BOILRMKRS IR SHP BLDRS BLCKSMTH FRGRS AND HLPR 74 LODGE
273628810,NORTH TEXAS CHAPTER OF THE GAS PROCESSORS ASSOCIATION
760048015,PROFESSIONAL SOIL SCIENTISTS ASSOCIATION OF TEXAS
760690838,SHADOW CREEK RANCH MAINTENANCE ASSOCIATION
263726031,SOUTHWEST MEDIA REPRESENTATIVES INC
752383372,NORTH CENTRAL TEXAS EXXON ANNUITANT CLUB
741497803,HOU TEXINS ASSOCIATION INC
201425273,NAHREP HOUSTON
367166220,TRANSCANADA USA SERVICES INC GTN MNGMT AND NBU EMP WELFARE BENE TR
412228642,POWDER RIVER BASIN COAL USERS GROUP PRB
481115082,SOUTH CENTRAL CHAPTER AMERICAN ASSOCIATION OF AIRPORT EXECUTIVES INC
721621543,CFA SOCIETY OF AUSTIN
760424525,BUSINESS COUNCIL FOR SUBSTAINABLE DEVELOPMENT FOR GULF OF MEXICO
760443166,TRIP REDUCTION EFFICIENCY COUNCIL INC TREK
10691450,STRATEGIC WORLD IMPACT INC
20694384,LASA ROBOTICS ASSOCIATION INC
20768724,TEXAS SPRING CORPORATION
20777900,REAL SAFETY NETWORK OF LONG CHAPEL REAL SAFETY NETWORK
30453788,FRIENDS OF DEEP EDDY INC
43843084,ONE 27 MINISTRIES INC
50618099,CATTLEMENS TEXAS LONGHORN CONSERVANCY
61481481,LANCE WALLNAU MINISTRIES INC
61834089,REEL THANX INC
113729967,SURPASSING GRACE KATHLEEN KRACH
134294225,BLACK CONTRACTORS AND BUSINESS OWNERS
141893372,WESTSIDE INTERFAITH ALLIANCE SPONSORING COMMITTEE INC BORDER INTERFAITH
200166368,THE ONESTAR FOUNDATION
200529674,BAHAMAS SPORTFISHING AND CONSERVATION CORPORATION
200758643,REPAIR THE BREACH MINISTRIES
200930296,ST JAMES HOUSE FOUNDATION
201682355,THE MATTHEW XXVIII GROUP INC
202817575,WATERFALLS INTERNATIONAL MINISTRIES
203027887,ISAIAH HARVEST TIME MINISTRIES
203213275,LIGHTHOUSE 2911
203225990,LUMEN WEDOBELIEVE
203288155,SOUTH PADRE ISLAND BIRDING AND NATURE CENTER
203622669,CADDO LAKE INSTITUTE INC
203928100,FOSSIL CREEK COMM DEVELOPMENT CTR
205679174,RIO GRANDE VALLEY DIABETESASSOCIATION
206481234,THE CECIL H AND BERRIAN WEBB TINSLEY AND MR AND MRS J L WEBB DRAPER CHARLES TTEE
208360300,PROJECT IMPACT INC
208578861,COMMUNITY FOUNDATION OF SAN SABACOUNTY INC
208646230,JOHN O ANTHONY TESTAMENTARY CHARITABLE TRUST
208753042,HARRIS COUNTY MASTER GARDENER ASSOCIATION INC
208911377,TORCH FOUNDATION
208993478,PULI CLUB OF AMERICA RESCUE TRUST
237108547,SOKOL ZIZKA
237361917,CARL MAYS CREATIVE MINISTRIES INC
237393204,CHIHUAHUAN DESERT RESEARCH INSTITUTE
237398629,FAITH CLUB INC
237401016,RON DEPRIEST MINISTRIES
237431522,AMERICAN PLANNING ASSOCIATION 43 TEXAS CHAPTER
260054494,WEST HOUSTON AQUATIC LEAGUE INC
260161807,TEXAS AGRICULTURAL LAND TRUST
260369740,RETROUVAILLE OF HOUSTON INC
260455144,RECONSTRUCTION OF A SURVIVOR INC
260778685,HOUSTON JOURNEY TO DAMASCUS
261399710,COMMUNITY ARCHAEOLOGY RESEARCH INSTITUTE INC
261875033,ROY IVINS MINISTRIES
261991271,PROYECTO ABRIGO
261992674,JOSEPH STOREHOUSE GROUP INC
262907168,NOAH NATURE ALLIANCE INC
263216717,BECAS CON BENDICIONES INC
263416330,BRACKENRIDGE PARK CONSERVANCY
263416476,PHIL HARDBERGER PARK CONSERVANCY
263488976,ALL THINGS OUTDOORS MINISTRIES INC
263625255,EAGLES WORLD INTERCESSORS NETWORK INC
263647446,BRING EVERYONE IN THE ZONE
263653572,GRAYSON GRAND CENTRAL STATION
264123773,BLACKLAND INCOME GROWTH PROGRAM INC
264351089,DESTINY LEADERSHIP INTERNATIONAL INC
264702901,VETERANSPLUS INC
270232323,TURQUOISE COUNCIL OF AMERICANS AND EURASIANS
270243366,DAVIS MOON PROJECT
270375247,I AM WATERS FOUNDATION INC
270470442,JOE ODEN MINISTRIES INC
271237633,SIM AUXILIARY
271275644,AUSTIN CREATIVE REUSE
272344923,ALELUYA MINISTRIES OF HOPE INC
272355291,TERLINGUA PRESERVATION SOCIETY
272501071,TEXAS FORESTRY ASSOCIATION EDUCATIONAL FUND INC TFA EDUCATIONAL FUND INC
272831432,JENNIFER STRICKLAND MINISTRIES
272854722,AUSTIN ALLIANCE FOR WOMEN IN MEDIA FOUNDATION INC
272887426,SAN ANTONIO BIKE SHARE
273529381,NEHEMIAHS WALL OF CROSBY
273908594,FREEDOM FLYERS
274029245,EARTH DAY TEXAS INC
275023901,WATERMELON RUN FOR THE FALLEN INC
300088962,CLEAN ASSOCIATION FOR ENVIRONMENTAL JUSTICE FAITH BASED MINISTRY
300141343,EL SHADDAI RETREAT CENTER
300279283,BONNIE PEARL HARDIN ROSS AND VERA HARDIN JONES CONTINUED CHAR TR CASEY GUELLA M TTEE
300470692,FOUNDATION FOR LAKE CHAPALA CHARITIES INC
300500004,COLINS HOPE
311491907,DALLAS COUNTY MASTER GARDENER ASSOCIATION INC
311627207,COPPELL COMMUNITY GARDEN CORPORATION
311781917,RIO VERDE LAND AND INVESTMENT
320355303,FRIENDS OF CHERRYHURST PARK
342028513,HOMELAND PREPAREDNESS PROJECT
351694941,ENDTIME INC
352234918,WOMENS NON PROFIT ALLIANCE
352238290,BLUEPRINT MINISTRIES INC
364567350,IMANI BRIDGES
364605639,INDEPENDENCE CORPS
364721844,MISION EVANGELICA PENTECOSTES NUEVA VIDA
364756620,ARK
383760883,FRIENDS OF PADRE INC
383856684,ROSA DE SARON INC
383931308,HOUSTON GAS PROCESSORS ASSOCIATION
412197231,PRO AM CLAYS ASSOCIATION INC
421626677,CAC BSA GRIFFITH LEAGUE CONSERVATION HOLDINGS INC
421714973,APFF CHARITABLE FUND INC
452191250,HAVEN OF HOPE HOUSE OF HOUSTON INC
452203185,STEPPING STONE MINISTRIES INTERNATIONAL
452389719,METRO RELIEF
452475134,A NEW WELL MINISTRIES INC
453208250,FLYING CROWN LAND GROUP
453983173,AMAZON REVIVAL ON THE RIVER INC
454023668,SAN ANTONIO BAY PARTNERSHIP INC SAN ANTONIO BAY PARTNERSHIP
454724925,TEXAS HABITAT CONSERVATION FOUNDATION
454849119,CEDAR CREEK WATERWAY DEVELOPMENT INC
455076456,FRIENDS OF CTWC
455254567,TEXAS CULTURE CHANGE COALITION
455268181,LONE STAR CLEAN FUELS ALLIANCE
455375339,MISSION UPREACH INC
461716812,HOPE FOR THE BRAVE INC
461769313,THE FAMILY GREENHOUSE
462094680,NEW JERUSALEM POWER HOUSE OF REFUGE
462167792,IHIALA REGIONAL CONGRESS HOUSTON TX CHAPTER
462282692,TEXAS MASTER GARDENER ASSOCIATION INC LIMESTONE COUNTY MASTER GARDENER
462719637,NEIGHBORHOOD PROJECT MINISTRY
463412166,CHARLIE STEWART MINISTRIES INC
464345482,TWIN CREEKS AQUATIC CLUB TCAC
464435521,LV PROJECT
464902091,ANUME FOUNDATION
464934196,GLASSHOUSE POLICY FRANCISCO ENRIQUEZ
465281980,YOUR PLANET FOUNDATION
471039768,IN THE GARAGE ALLIANCE
471077256,MINISTERIO CRISTIANO ESPERANZA DE VIDA
471215834,FLYING FOR THE EARTH
471449472,STIHL SAVING PAWS
471704137,FRIENDS OF MIKE CLEMENT
471882312,FLY MOVEMENT
472199904,EMANCIPATION PARK CONSERVANCY SAME
472453835,CONSERVATION CENTERS FOR SPECIES SURVIVAL
473324212,ANIMAL ENTERPRISES COALITION
473468375,NEW LEAF CONSULTING AND RESTORATION
473478286,DAVID W GLASS FOUNDATION
473563763,TEXAS PROPERTY ASSESSED CLEAN ENERGY AUTHORITY TEXAS PACE AUTHORITY
474082129,GUADACOMA EMERGENCY RESPONSE GROUP
474195567,BOUNDS MINISTRIES
474365749,ALAMO COMPLEX MANAGEMENT
475437668,SKETCH CITY
475624417,RUFUS REFUGE
510583005,PAUSE FOR PAWS INC
521937154,FOCUS HUMANITARIAN ASSISTANCE U S A
522414220,TEXAS MASTER GARDENER ASSOCIATION INC WALKER COUNTY MASTER GARDENER ASSN
550907295,NEW GATE TO PEACE FOUNDATION
562298497,JABO GREEN MINISTRIES INC
562358636,CHAMATHIL CHARITIES INCORPORATED
571235014,TEXAS HILL COUNTRY TRAIL REGION SUDIE BURDITT
611603933,DIVINE PROVIDENCE CONFERENCE
651201715,BURKBURNETT GRACE MINISTRIES INC
740942843,TEXAS ANIMAL DAMAGE CONTROL ASSOCIATION COOPERATIVE TRAPPING F
741469506,JUNIOR LEAGUE OF EL PASO INC
741854299,HOUSTON HEIGHTS ASSOCIATION
741905167,SAN ANTONIO RESCUE MISSION
741907674,HERITAGE ASSOCIATION OF SAN MARCOS INC
741916727,LA LECHE LEAGUE INTERNATIONAL INC LLL TEXAS
741928101,HERITAGE HOUSE OF ORANGE COUNTY ASSOCIATION INC
741944001,EMS OF NUECES CANYON INC
742107589,TANGLEWOOD FOUNDATION
742210146,SEEDTIME AND HARVEST MINISTRIES INC
742453164,TEXAS CAVE MANAGEMENT ASSOCIATION INC
742520002,PORT LAVACA MAINSTREET INC
742524314,TEXAS FUND FOR ENERGY AND ENVIRONMENTAL EDUCATION SEED
742529387,PUBLIC POLICY INFORMATION FUND
742539733,NATIONAL LUTHERAN OUTDOORS MINISTRY ASSOCIATION INC
742553144,BAT CONSERVATION INTERNATIONAL INC
742591329,FRIENDS OF THE FULTON MANSION VINETTE A JOHNSON
742611732,PALO ALTO NATIONAL PARK
742613666,USEFUL WILD PLANTS OF TEXAS
742659159,SAVE OUR SPRINGS ALLIANCE INC S O S
742665400,JOHN WOOD MINISTRIES INC
742670845,ALAMO RESOURCE CONSERVATION AND DEVELOPMENT AREA INC
742702693,LLOYD TAYLOR MINISTRIES INC
742704188,SKILLPOINT ALLIANCE
742730023,TRAVIS COUNTY MASTER GARDNERS ASSOCIATION INC
742756263,AUSTIN AREA HERITAGE COUNCIL
742772667,ALAMO AREA DEVELOPMENT CORPORATION
742787450,TEXAS REHABACTION NETWORK
742798251,LES DAMES D ESCOFFIER SAN ANTONIO CHAPTER
742808805,TEXAS CAMPAIGN FOR THE ENVIRONMENT FUND
742821500,ASIAN PARTNERS INTERNATIONAL INC
742865799,ANGELS CROSSING INC
742882508,MORNING STAR RANCH MINISTRIES RETREAT AND CONFERENCE CENTER INC
742896016,CIBOLO CONSERVANCY
742924229,RONALD REAGAN RATTLER SPIRIT CLUB
742947494,MASCARENAS FOUNDATION
742964446,FOUNTAINHEAD CONSULTING
742972577,HARVEST FIELD MINISTRIES INC
742973300,MINISTRIES OF ABUNDANCE MINISTRIES INC
742985645,EMPTY TOMB MINISTRIES INC
742990336,ANGELHEART INC
743010890,LAVACA EXPOSITION ASSOCIATION
743088133,VICKERY MEADOW MINISTRY
746040701,JOHN G AND MARIE STELLA KENEDY MEMORIAL FOUNDATION
746062524,TEXAS WATERCOLOR SOCIETY
746068559,NATIONAL SOCIETY DAUGHTERS OF THE BRITISH EMPIRE IN TEH UNITED STATE TEXAS GOVERNING BOARD
746484117,IMOGENE AND HAROLD HERNDON CHAR TR I
750832456,AMARILLO TRI STATE EXPOSITION
751494942,LAMAR COUNTY HUMAN RESOURCES COUNCIL INC
751519024,LYNN COUNTY PIONEERS INCORPORATED
751602150,HERITAGE GUILD OF COLLIN COUNTY TEXAS
751678603,FRIENDS OF THE GOVERNORS MANSION
751780876,OLD OAK CLIFF CONSERVATION LEAGUE INC
751786683,SHERMAN PRESERVATION LEAGUE
751886520,TEXAS TREES FOUNDATION
751947699,GREATER PARIS DEVELOPMENT FOUNDATION INC
751991161,GUIDE RIGHT FOUNDATION OF DALLAS INC
752070113,G O A L MINISTRIES INC
752093163,KEN DORNHECKER MINISTRIES INC
752131282,BIBLIOGRAPHIC ASSOCIATION OF RED RIVER INC
752144079,THE STOCKPOT OF PALESTINE INC
752193240,WEST TEXAS GEOLOGY FOUNDATION
752198196,BOTANICAL RESEARCH INSTITUTE OF TEXAS INC
752212039,JIM FULLINGHIM MINISTRIES INC
752352271,NORTHEAST TEXAS CASA INC CASA OF NORTHEAST TEXAS INC
752449354,DOWNTOWN SHERMAN PRESERVATION AND REVITALIZATION INC
752460962,TEXAS TRAILS NETWORK
752499426,CRESTED BUTTE MOUNTAIN CONFERENCE INC
752501045,ASSOCIATION OF FUNDRAISING PROFESSIONALS TX PERMIAN BASIN CHAPTER
752501548,METROPOLITAN WINDS
752568176,HARBOR LIGHT MINISTRIES ASSOCIATION
752636394,PRESERVATION FOUNDATION
752672210,SUNSHINE AFTER RAIN MINISTRIES
752685894,DANIELS DEN INC
752716090,MUSTANGS IN THE SUN INC
752759901,SOUTHWESTERN PIONEER WINDMILL ASSOCIATION
752807735,PEACE OF THE ROCK MINISTRIES INC
752836028,GARDEN OF EDEN
752871180,KIDFISH FOUNDATION INC
752896986,MASTERS MEN
752899136,HUNT COUNTY FIRE ASSOCIATION INC
752942982,ROVER DRAMAWERKS
752953770,INFO NET CONSORTIUM INC
752956390,PLANO LEGACY GROUP
753016359,TURNER 12 INC
753022206,RWANDAN NATIONAL FORUM INC
753226104,CONGRESS FOR THE NEW URBANISM CENTRAL TEXAS CHAPTER
756011408,WICHITA FALLS Y M C A TRUST
756172738,EVELYN L DANIELS 1972 CHARITABLE TR
756292780,CONNEMARA CONSERVANCY FOUNDATION
760121051,ART AND ENVIRONMENTAL ARCHITECTURE INC
760127655,SCENIC TEXAS INC
760141519,WELL MINISTRIES INC
760190745,DEUTSCHE SAMSTAGSSCHULE HOUSTON INC
760248491,JERRY DAVIS STREETREACH MINISTRIES INCORPORATED
760311861,TREES OF HOPE
760349860,TANNER PERRY INC
760460314,CAODAISM
760475282,URBAN OUTREACH INCORPORATED
760486477,BUNNIES ON THE BAYOU INC
760519231,FRIENDS OF ANAHUAC REFUGE
760544795,BRAZORIA COUNTY MASTER GARDENER ASSOCIATION
760557082,NORTHWEST FLYERS INCORPORATED
760586364,OLD SPANISH TRAIL ALMEDA CORRIDORS REDEVELOPMENT AUTHORITY
760607836,ACTION MINISTRIES HOUSTON INCORPORATED
760610279,THROUGH THE STORM MINISTRIES
760613178,MAYDE CREEK AQUATIC CLUB
760636839,GALVESTON COUNTY MASTER GARDNER ASSOCIATION INC
760639770,THE CITY OF REFUGE OF HOUSTON INC
760655270,MERCER SOCIETY
760670303,BRUCE KOEN MINISTRIES INC
760691272,GOLFREACH INC
800444666,LIGHTHOUSE SERVICES
800765001,UNDER 1 ROOF
800799879,GABBYS SANCTURAY ARK
810596293,FUNDACION SUENOS INC
810650744,RPM MINISTRY INC
811326348,AUSTIN BAT REFUGE
830469861,FIRE RAIN MINISTRIES
900124384,LOWER RIO GRANDE VALLEY DEVELOPMENT COUNCIL CORPORATION INC
900863683,IGLESIA DEL CUERPO DE JESUCRISTO SENOR
901023503,SOUTHSIDE PLACE COMMUNITY GARDEN INC
910977510,AMERICAN SOCIETY OF PRIMATOLOGISTS
912101321,SANCTUARY FOR LIFE
942992746,ASSOCIATION OF SPACE EXPLORERS USA
954773732,LAGITT INC
203767045,NEVER E NUFF ACRES
272792935,TEXAS MASTER GARDENER ASSOCIATION INC POTTER COUNTY MASTER GARDENER ASSOC
454470206,FRIENDS OF CATI INC
462518462,TUGGS PINK HOUSE OF WUFF INC
270454165,GARZA COUNTY FIVE STONE MINISTRIES
273320235,CRITICAL ACCESS AIRLIFT
452396806,ROCK BOTTOM MINISTRIES INC
900501713,PEARLS OF HOPE INC
208548045,JAY JOHNSON MINISTRIES
205796835,JACQUELINE DAVIS MINISTRIES INC
463768007,AWAKEN THE SUN IS SHINING INC
270391722,ANGELS IN DISGUISE CHARITABLE TRUST ANGELS IN DISGUISE ARE ALWAYS NEAR
741944122,SPACE CITY AQUATIC TEAM INC
900937346,OS GRID INC
460557032,JAYE MARTIN MINISTRIES
900521418,DOUG GILLOW MINISTRIES
510178836,RIO BRAVO RESOURCE CONSERVATION AND DEVELOPMENT AREA
300672776,SUMMIT ASCENT INC
760063924,SAM HOUSTON RESOURCE CONSERVATION AND DEVELOPMENT AREA INC
820548852,CHARACTER COUNCIL OF RED RIVER VALLEY
452096099,GREAT FOUNDATIONS INC
710998222,THE LUCERO GROUP INC
760378319,ROGER CLEMENS FOUNDATION CLEMENS WILLIAM R AND D L TTEES
141819720,CHURCH AND MINISTERIAL ALLIANCE INTERNATIONAL
260489660,THE OVERTON GROUP
263896714,DESIGN BUILD ALLIANCE
942371729,REMNANT OF ISRAEL
450582340,WAY OUTFITTERS THE WAY OUTFITTERS
901006128,THE CLIMATE CHANGE NOW INITIATIVE CLIMATE CHANGE NOW
760173894,ALIEF AQUATIC CLUB INC
900111553,CASS COUNTY CONSERVANCY INC
743011784,DUST TO GLORY MINISTRIES
746104045,PAN AMERICAN ROUND TABLES OF TEXAS DEL RIO
261961167,RECOVERY INN
760658599,CITIZENS LEAGUE FOR ENVIRONMENTAL ACTION NOW
270214146,REAL MINISTRY NETWORK INC
746186925,CECYLE W PAGEL TRUST
454982602,SAVE RESCUE COALITION
742329798,MCALLEN VICTORY MINISTRIES
752848464,TEXAS ASSOCIATION OF QUILT GUILDS
464758233,AARON AND HUR INCORPORATED
274019587,AUGMENT GROUP INC
752817995,TEXAS PRAIRIE RIVER REGION INC
10937264,NEW CREATION MINISTRY INC
462774644,TREASURE KEYS FOR LIFES TRANSFORMATIONS TRANSFORMATIONS
371497591,MIKE ARNOLD MINISTRIES
10850344,SPIRIT KEY INC SKY
752703525,SAN ANGELO OLD TOWN CONSERVANCY INC
752530454,GRAND PRAIRIE
200744574,WHITE DOVE OF HOPE INC
271327472,ARANSAS PROJECT
752963717,CHARITABLE CONSORTIUM INC
264713721,ARTS AT THE LAKE
453208450,FLYING CROWN LAND GROUP
752509769,NATIONAL WINDMILL PROJECT INC
451486932,FLAME THINK INC
262788555,GODS BOUNTY INC
510195175,THE HEATHER & THISTLE SOCIETY
264172894,SEMPER GRATUS INC
721234336,HOMEOWNERSHIP OPPORTUNITIES FOR PEOPLE EVERYWHERE OF NEW ORLEANS
204516289,CENTRAL TEXAS FALLEN HEROS
20583349,RAINBOW ROOM INC
742656238,CASA SONRISA INC
452354639,JERRY GARCIA MINISTRIES INTERNATIONAL
752962969,OASIS A SECOND CHANCE OPERATION
461630253,MISSION LIONS FOUNDATION INC
61759582,WEST TEXAS WATERCOLOR SOCIETY
273230238,PEARSONS MINISTRIES INTERNATIONAL
746104793,PAN AMERICAN ROUND TABLE OF LAREDO
260383072,PARK CORPORATION OF MELBOURNE
205642637,LIVING IN FREEDOM INC
462536943,BROKEN CLAY MINISTRIES INC
200919976,WASHINGTON COUNTY WILDLIFE SOCIETY
742570960,POSABILITIES INC
451294918,KOINONIA - THE GATHERING PLACE
752670331,FRIENDS OF BIG BEND NATIONAL PARK BIG BEND CONSERVANCY
752650613,ATHENA FOUNDATION
911906409,NATIONAL AMBUCS INC IRVING CHAPTER
752421448,HIGH PLAINS RESOURCE CONSERVATION AND DEVELOPMENT INC
463348248,MYTEAM TRIUMPH INC DFW
461481201,DES CATT
760083606,KEEP PEARLAND BEAUTIFUL
200584728,CHARLIE ELLIOTT MINISTRIES INC
751882906,SENIOR CITIZENS FAIR OF FORT WORTH TEXAS INC
453570164,FORT BEND EXPRESS
201930204,HOUSTON GREETERS
383788023,CHARI T2000 INC
463378074,VELO PASO BICYCLE PEDESTRIAN COALITION
760001133,RIENZI GARDEN ENDOWMENT FUND
746465534,POMPEO COPPINI TRUST
465066972,BARN MINISTRY OF HOUSTON
10734613,TEXAS FOREST TRAIL REGION INC
752500154,TEXANISCHER SCHUPLATTER VEREIN
760438169,DICKINSON ECONOMIC ENVIRONMENTAL DEVELOPMENT SATELLITE
742551611,WHITE STONE MINISTRIES INC
800719821,PROJECT LOOP
263285742,THE ABOLISH SLAVERY COALITION
760298438,ENDANGERED SPECIES MEDIA PROJECT SAVE BUFFALO BAYOU
270786026,IGNITE A MOVEMENT INC I AM
272407431,MANKIND PROJECT INTERNATIONAL
10878513,ANGELS OF REFUGE
462846912,ST HILDEGARDS GARDEN INC
742881292,BRAZOS VALLEY COALITION FOR LIFE
273308970,COREY TINDALL MEMORIAL SPEECH AND DEBATE FUND
743019920,COMMUNITY RACE RELATIONS COALITION
202788783,PROVIDING LIVING WATERS MINISTRIES
200273527,DOCENT RESEARCH GROUP
201930950,TEXAS MASTER GARDENER ASSOCIATION INC LIBERTY COUNTY MASTER GARDENER ASSC
203423114,SAINTS AND PELICANS GULF COAST RENEWAL
208356813,PILGRIM PLACE II INC
237184499,TROUT UNLIMITED 66 GUADALUPE RIVER
262887967,GLOBAL WILDLIFE CONSERVATION
270881015,NATIONAL SOCIETY OF BLACK ENGINEERS SOUTH HOUSTON NSBE JR
272773965,MONTROSE GRACE PLACE
274529163,NEWSPAPER TREE CORP
432002012,TEXAS LAKES TRAIL
463774071,POSITIVELY PINK POSITIVELY PINK HOUSTON
471468601,FOODMAKERS
611622595,TENNIS ON THE STREET OF DREAMS NON PROFIT CORPORATION
742637783,TEXAS NURSERY AND LANDSCAPE ASSOC EDUCATION AND RESEARCH FOUNDATION
751734177,ECHAD INC
752298493,INTERNATIONAL SOCIETY DALLAS FORT WORTH
752316240,ONE HUNDRED ACRES OF HERITAGE INC
752973187,LONE STAR GARDEN DEVELOPMENT CORP
756049048,SOUTHWESTERN WATERCOLOR SOCIETY
760344804,MONTGOMERY COUNTY MASTER GARDENER ASSOCIATION
870689599,ABIDING GRACE AND PEACE MINISTRIES
146032158,JOHN P AND MAPLE I OGSBURY MEM UA
200937623,CAMP WAR EAGLE INC
201032167,EVEREST FOUNDATION
202376273,WHOLE PLANET FOUNDATION
205493532,HEAVEN AND EARTH INVESTMENTS INC
206240606,GLADYS AND JD LEFTWICH CHARITABLE TR 2
206731133,CHIEF RICK STONE AND FAMILYCHARITABLE FOUNDATION STONE RICK TTEE
206971005,JEAN AND GRAHAM DEVOE WILLIFORDCHARITABLE TRUST JOHN R WILLIFORD TTEE
208134516,S C RAIN FOUNDATION
208174968,JOHN AND HELENE BUGG CHARITABLEFOUNDATION
223696362,NEW PATH FOUNDATION INC 327 YUJING RIVER GDN VILLA
226213088,SMITHETUW20014887 FLEET BANK NATIONAL ASSOC
237385847,GREEN UMBRELLA CORPORATION
260025038,CALPINE FOUNDATION CARTWRIGHT RICHARD
260792787,KAREN AND JACK D CARLSON FAMILYFOUNDATION
264582178,RADLER FOUNDATION
306268346,HARRY M BENNETT TESTAMENTARY TRUST
311623433,MARJORIE MONTAGUE DAVIS FOUNDATION
311637973,LEVANT FOUNDATION
330965642,MIRADA HABITAT FOUNDATION
431119922,LINDON Q SKIDMORE CHARITABLE TRUST BOATMENS FIRST NATL BK OF KC
436115500,THERESA P SCARPELLINO FOR CHARITY SHARE TRUST
436130524,MARGARET H WILLIAMS CHARITABLE TRUST BOATMANS FIRST NATL BK TTEE
436240950,GEORGE STAMBERGER TRUST C O BOATMENS 1ST NATL BK OF KC
436316904,COURTNEY S TURNER CHARITABLE TRUST BOATMENS FIRST NATL BK OF KC TTEE
436706423,MESSAGE OF LIFE MINISTRIES
446008311,ELLA C LOOSE TRUST 4230 FIRST NATL BK OF KC
446008574,GEORGE H AND ELIZABETH O DAVIS TR5668 FIRST NATL BK OF KANSAS CITY
467483163,TOM AND LOIS LONGEST CHARITABLE TR THOMPSON B LONGEST TTEE
471292072,RIO GRANDE NATURAL RESOURCE CONSERVATION FOUNDATION RIO GRANDE FOUNDATION
471619492,PAINTED RIVER FOUNDATION
471695880,SOUTH CENTRAL HISPANIC AGENT NETWORK
472628452,DAMON K AND MARY ANNE COX FOUNDATION DAMON K AND MARY ANNE COX FOUNDATI
473876443,CENTRAL TEXAS SCHOLASTIC SUPPORT FUND INC
486177155,TUA MARY J MINGENBACK CRU
526854447,CHASDREW FOUNDATION TRUST AGREEMENT MEYER CHRISTOPHER AND JENSER J COTTEE
597247412,FRED AND GRETEL BIEL TUW CHAR TR 7301100 0735183
597268944,TILTON MAX TW
611699366,NH BIG ISLAND CO
616465261,WINGATE LINDSEY CHARITABLE TR GARY W POCHYLA TTEE
742204217,MCCOMBS FOUNDATION INC
742729929,BAMBERGER RANCH CONSERVANCY
742888837,PEACE AND EMERGENCY ACTION COALITION FOR EARTH P E A C E INC
742895816,VINEYARD FOUNDATION
742939704,GLORIA S SALE BRYAN COCA COLA BEAUTIFICATION AND PARKS TRUST
743015612,NATURAL BRIDGE WILDLIFE HERITAGE FOUNDATION INC
743158238,LEAP INC
746038766,CAESAR KLEBERG FOUNDATION FOR WILDLIFE CONSERVATION
746040258,ROCKWELL FUND INC
746041694,RALPH BUCHANAN ALBAUGH TRUST
746048267,FENTRESS FOUNDATION
746077587,RGK FOUNDATION THE NORTHERN TRUST CO
746125212,DAVID AND JEANNETTE LIPSON TR NO 5190 UNITED STATES NATIONAL BANK TRUSTEE
746355245,FLOY M CADWALLADER RELIGOUS TRUST 27851
746380053,T M WILSON AND BEN A FRANKS PER CHARITABLE TR 09 01 89
746400039,CONSTANCE E MCCAUGHAN CHARITABLE TR FANCHER ROBERT C TTEE
746564793,PETER BRADLEY CARLSON CHARITABLE TR FB105
750399970,L A LONG TRUST FIRST NATIONAL BANK TTEE
752340289,SHELTER GOLF INC PROJECT SHELTER PRO AM
752461720,HELEN LEE FOUNDATION INC
752539678,RNC INCORPORATED
752567517,PLANETARY TRUST HALEY MARGARET J TTEE
752620343,CHAPARRAL RAILS TO TRAILS INC
752674946,EARL SNELLING PUBLIC PROPERTY BEAUTIFICATION TR
752695775,LEWIS J AND WANDA S WILSON HESED FDN
752706694,THE BETTYE AND MURPHY GEORGE FOUNDATION
752707012,DGBB FOUNDATION ROGERS DAVID G TTEE
752707574,CHAPARRAL FOUNDATION HERD HARVEY TTEE
752708838,LYDA HILL FOUNDATION
752805926,IRENE E BOOTH BOOK REVIEW CLUB
752809598,MAX AND BILLIE CLARK FOUNDATION
752812491,FRED AND CHARLOTTE PARRILL FDN
752825825,SNOW HILL MINISTRIES
752856276,WILTON FOUNDATION LEONARD SCOTT L CPA TTEE
752865426,WYNN DOUGLAS WHITE FOUNDATION
752921830,URBAN CREW INC
752927872,TEXAS ORGANIC RESEARCH CENTER INC
752932714,URBAN GREEN
752965575,ISAAC I FOUNDATION
756012124,ROBERT D AND CATHERINE R ALEXANDER FOUNDATION
756013328,MARY E BIVINS TRUST
756015322,MEADOWS FOUNDATION INCORPORATED THE NORTHERN TRUST COMPANY
756036333,HARRY S MOSS FOUNDATION
756066777,C L AND GLADYS LLOYD TRUST II NECT
756108975,F A SCHLUTER 1818 1882
756483645,BANKS CHARITABLE TR BANKS JOHN ARNOLD TTEE
760207030,LOREN E EASLEY FOUNDATION INC
760265720,J L HODGES FAMILY FOUNDATION
760292426,BYBEE FOUNDATION BYBEE JOAN TTEE
760421104,OTTER ISLAND FOUNDATION
760447921,GOOD EARTH FOUNDATION
760556696,GARVER FOUNDATION CHARITABLE TRUST GARVER CURTIS M TTEE
760587800,FROST FOUNDATION INC
760606426,INDEPENDENCE PRESERVATION TRUST
760610529,BLACKWELL FOUNDATION TR BLACKWELL L D TTEE
760662270,BERT F WINSTON SR FOUNDATION
800332494,THE@CALICO FUND INC
810774559,FARM LEAGUE PLAY IT FORWARD
830492601,ROBERTSON HOLDINGS CORP
841381970,THE DON KAY CLAY CASH FOUNDATION CASH SONDRA KAY TTEE
856107055,ROSINA PATTERSON TR STOELZEL WALLY TTEE
916020557,WILHELMINA CLAPP T U A 00618 04 618
916025042,TUA A ANDERSON RILEY CHAR TR
916093356,TUA A BERGSTROM CHARITABLE TR
916210659,ROBERT CHARLES BUNN SEATTLE PUBLIC LIBRARY FUND SEA FIRST NATL BK TTE
916251624,JANSON FOUNDATION C O SEA FIRST NATIONAL BANK
916256509,NINA HANSEN CHARITABLE TRUST SEC PAC BK WA
916274756,CHARLES N WEBSTER TRUST
916392751,DOMENICO AND MARY COLUCCIO FDN CHAR TR 845 4068900
936329831,DAURA FOUNDATION DAURA MARTHA RANDOLPH ET AL TTEES
956017417,TUW OTTO ARNOLD CHARITABLE TRUST
956926706,TUA WILLIAM E SCHNEIDER CHAR
957064629,TUW ROBERT M DREYER
957081021,TUW GLEN G TYLER
957094103,GEORGE A BARKER TR
957102622,SOCOLOFSKY MARJORIE G
886038217,DORIS HAM SHUPE CHARITABLE REMAINDER TRUST DTD 093082
467105703,SOCIETY FOR PROMOTING ELLIOTTS WELFARE BRENDAN T COOPER TTEE
261380672,TOM T EAST SR AND ALICE K EAST AND ALICE H EAST AND ROBERT C EAST WILDL
752153006,JOANNE HERBERT STROUD FOUNDATION
760521061,GODS EXPLOITS INC
311657406,MATAGORDA ISLAND FOUNDATION INC
466821204,WD AND LIZZIE SWANN LONG CHARITABLE TR DONALD SMITH TTEE
752256928,THE GREEN FOUNDATION INC
760538014,GODS SHARE FOUNDATION INC
731444898,BEES INCORPORATED
752955901,TROUBLED WATERS
266143774,LORETTA D@LOWE CHARITABLE TRUST LORETTA D LOWE TTEE
261706331,LOIS MOSELEY WATERS CHARITABLE TRUST
300736697,ETHICIAN FOUNDATION
463021077,ANGELA AND HOLLIS GREENLAW LEGACY FOUNDATION
752928842,MCGREW FOUNDATION
391794712,
811320422,
463082698,
597264807,
46007926,
471206778,
46026213,
474969478,
474246128,
472317604,
716082014,
742656448,
486103986,
742652354,
526029442,
526029044,
455060032,
956137396,
472840205,
446006439,
746176901,
752935050,
466992999,
811596257,
66189534,
200271577,
900693451,
473764464,
66027675,
46023228,
562402143,
752483363,
